,movielensId,extroversion,neuroticism,agreeableness,conscientiousness,openess
0,1,0,0,1,0,1
1,122882,0,0,0,0,1
2,6,0,1,0,0,1
3,8199,0,0,0,0,1
4,10,0,0,0,0,1
5,11,1,0,1,1,1
6,122892,0,0,1,0,1
7,81932,0,0,0,0,1
8,14,0,0,0,1,1
9,8207,0,0,0,1,1
10,16,0,0,0,0,1
11,17,0,1,1,1,0
12,122896,0,1,0,0,1
13,19,0,0,0,0,1
14,122898,0,0,0,0,1
15,25,0,1,0,0,1
16,28,0,0,0,1,1
17,31,0,1,0,0,1
18,32,0,0,0,0,1
19,34,0,1,0,0,1
20,8228,0,0,0,0,1
21,36,0,0,0,0,1
22,122918,0,0,0,0,1
23,39,0,1,0,0,0
24,8235,0,0,0,1,1
25,122924,0,0,0,0,1
26,45,0,1,0,0,1
27,50,0,0,0,0,1
28,98361,0,1,0,0,1
29,62,0,1,1,0,1
30,8261,1,1,0,0,1
31,70,0,0,0,0,1
32,8268,0,1,0,0,1
33,88,1,0,1,1,1
34,95,0,0,1,0,1
35,104,0,0,1,1,1
36,105,0,0,1,1,1
37,110,0,0,0,0,1
38,111,0,1,0,1,1
39,49272,0,0,0,0,1
40,49274,0,0,0,0,1
41,123,1,1,0,1,0
42,49278,0,0,1,1,1
43,49286,1,1,1,1,1
44,135,1,0,0,0,1
45,141,0,1,1,0,1
46,145,0,0,0,0,1
47,147,0,0,0,0,1
48,150,0,0,1,0,1
49,73881,0,1,1,0,1
50,57504,0,1,1,0,0
51,161,0,0,0,0,1
52,163,0,1,1,0,1
53,131237,1,0,0,1,1
54,166,0,1,1,0,1
55,8360,0,0,1,0,1
56,175,1,1,1,0,1
57,8368,0,1,0,0,1
58,8371,0,1,0,0,1
59,190,0,0,1,1,1
60,106696,0,1,1,0,1
61,203,0,0,1,1,1
62,204,0,0,1,0,1
63,215,1,0,1,1,1
64,216,0,0,0,0,1
65,223,1,1,1,1,0
66,231,0,0,1,1,1
67,235,0,0,0,0,1
68,33004,0,0,0,0,1
69,90357,0,1,0,0,1
70,114935,0,0,0,0,1
71,82169,0,1,1,0,1
72,253,0,1,0,0,1
73,90374,0,1,1,0,1
74,262,0,1,1,1,1
75,90376,0,1,0,0,1
76,266,0,1,0,0,1
77,106766,0,1,0,0,1
78,277,0,1,1,0,1
79,282,1,1,1,0,1
80,288,0,0,0,0,1
81,106785,0,0,0,0,1
82,292,0,0,0,0,1
83,90405,0,1,0,0,1
84,296,0,0,0,1,1
85,8491,0,0,0,0,1
86,300,0,0,0,0,1
87,8507,0,1,0,0,1
88,316,0,0,0,0,1
89,318,0,0,0,0,1
90,90430,1,1,1,0,1
91,8516,0,0,0,0,1
92,57669,1,0,0,0,1
93,326,0,1,0,0,1
94,327,0,1,0,0,1
95,65868,0,1,0,0,1
96,333,0,1,0,1,0
97,8528,0,0,0,0,1
98,8529,0,1,0,0,1
99,337,0,1,1,0,0
100,339,0,1,1,1,0
101,8533,0,1,0,1,1
102,344,0,1,0,0,1
103,349,0,0,1,0,1
104,350,1,0,0,0,1
105,8542,0,0,0,0,1
106,353,0,0,0,0,1
107,356,1,0,1,1,1
108,357,1,1,0,1,1
109,364,0,1,0,0,1
110,370,0,0,0,0,1
111,377,0,0,1,1,1
112,49530,0,0,0,0,1
113,380,0,1,0,0,1
114,33162,0,1,0,0,1
115,407,0,0,0,0,1
116,410,1,1,1,0,0
117,8607,0,1,0,0,0
118,90531,1,1,1,1,1
119,106916,0,1,0,0,1
120,106920,0,1,0,0,1
121,431,0,0,0,0,1
122,8623,1,1,0,0,1
123,123310,1,1,1,1,1
124,441,1,1,0,1,0
125,8636,0,0,0,0,1
126,8638,0,1,1,0,1
127,8641,1,0,0,0,1
128,8644,0,0,0,0,1
129,8645,0,1,1,0,0
130,454,0,1,1,1,1
131,457,0,1,0,0,1
132,8665,0,1,0,0,1
133,474,0,0,0,0,1
134,480,0,0,1,0,1
135,481,0,1,0,0,1
136,497,0,1,1,1,1
137,74228,0,1,1,1,1
138,501,0,1,0,0,1
139,506,0,0,1,1,1
140,508,0,1,0,0,1
141,509,0,1,0,1,1
142,515,0,0,0,1,1
143,520,0,1,0,1,1
144,115210,0,1,0,0,1
145,524,0,0,0,0,1
146,527,0,1,0,0,1
147,534,0,0,0,1,1
148,90647,0,1,0,0,1
149,82459,0,1,0,0,1
150,539,0,1,0,1,1
151,541,0,1,0,0,1
152,82463,0,1,0,1,1
153,98852,0,1,0,0,1
154,551,0,0,0,0,1
155,555,0,0,0,0,1
156,66097,0,1,0,0,1
157,107069,0,0,1,0,1
158,8772,0,0,0,1,1
159,107081,0,1,0,0,1
160,587,0,1,0,0,1
161,588,0,0,0,0,1
162,589,0,0,0,0,1
163,590,0,0,0,0,1
164,8784,0,1,1,0,1
165,593,0,1,0,0,1
166,594,0,1,1,1,1
167,595,0,1,0,0,1
168,596,0,1,0,0,1
169,592,0,0,1,0,1
170,599,0,0,0,0,1
171,597,1,1,0,1,1
172,8798,0,0,0,1,1
173,41566,0,1,1,0,1
174,608,0,1,0,0,1
175,41569,0,1,1,0,1
176,8800,0,1,0,1,1
177,610,0,0,0,0,1
178,8807,0,1,0,1,1
179,616,0,1,0,1,1
180,628,0,1,0,1,1
181,107141,1,1,0,1,1
182,98956,0,1,0,0,1
183,98961,0,0,0,0,1
184,661,0,1,1,1,1
185,668,0,1,1,0,1
186,33437,0,1,0,0,1
187,8861,0,0,0,0,1
188,8873,0,0,1,1,1
189,8874,1,1,0,0,1
190,58025,0,1,1,0,1
191,74416,1,1,1,0,1
192,115381,0,1,1,1,1
193,58047,1,1,0,1,0
194,714,0,1,1,0,1
195,8914,0,0,0,0,1
196,724,0,0,1,0,1
197,74458,0,1,1,0,1
198,733,0,0,0,0,1
199,741,0,0,0,0,1
200,82667,0,1,0,0,1
201,750,0,0,0,0,1
202,90866,0,0,0,0,1
203,49910,0,1,0,0,0
204,8957,0,0,0,0,1
205,8958,1,0,1,0,1
206,8961,0,1,0,0,1
207,8965,0,0,1,1,1
208,778,0,1,0,0,1
209,8970,0,1,0,1,1
210,780,0,0,0,0,1
211,49932,0,0,0,0,1
212,799,0,1,0,0,1
213,805,0,0,0,0,1
214,99112,0,0,0,0,1
215,99114,0,1,0,0,1
216,9005,0,0,0,0,1
217,832,0,1,0,0,1
218,66371,0,1,0,0,0
219,838,0,1,0,0,1
220,33610,0,0,1,0,1
221,99149,0,1,0,0,1
222,33615,1,0,1,1,1
223,107348,1,0,1,1,1
224,858,0,0,1,0,1
225,115569,0,0,0,0,1
226,33660,0,1,0,0,1
227,898,0,1,1,1,1
228,899,0,1,0,0,1
229,903,0,1,0,0,1
230,904,0,1,1,0,1
231,905,0,1,0,0,1
232,906,0,0,0,1,1
233,908,0,0,0,0,1
234,909,0,1,0,0,1
235,910,1,1,0,1,0
236,107406,0,0,0,0,1
237,912,0,1,1,0,1
238,913,0,0,0,0,1
239,914,0,0,0,1,1
240,915,0,1,1,0,1
241,911,0,1,0,0,1
242,916,0,1,1,1,1
243,50068,0,0,0,0,1
244,919,0,0,0,1,1
245,920,1,1,1,0,1
246,922,0,1,1,1,1
247,923,0,0,0,0,1
248,924,0,0,1,0,1
249,926,0,1,0,1,1
250,927,0,1,0,0,1
251,928,0,1,1,1,1
252,115617,0,1,0,0,1
253,930,1,1,1,1,1
254,933,0,1,1,0,1
255,940,0,1,0,1,1
256,942,1,1,0,1,1
257,946,0,1,0,0,1
258,947,0,1,0,1,0
259,950,0,0,1,0,1
260,951,0,0,1,1,1
261,58295,0,1,0,1,1
262,953,0,1,0,0,1
263,954,0,0,0,0,1
264,955,0,1,0,0,1
265,58299,0,0,0,0,1
266,965,0,1,1,0,1
267,91077,0,1,1,1,0
268,968,0,1,1,0,1
269,66509,0,1,0,0,0
270,132046,0,0,0,0,1
271,91104,0,0,1,1,0
272,1013,1,1,1,0,1
273,91128,0,1,0,0,1
274,115705,0,0,0,0,1
275,1017,0,0,1,0,1
276,115708,0,0,0,0,1
277,1022,0,1,1,1,1
278,115713,0,0,0,1,1
279,33794,0,0,0,0,1
280,1025,0,0,0,0,1
281,1028,0,1,0,0,1
282,1027,0,0,0,0,1
283,74754,1,1,0,0,1
284,1032,0,1,0,0,1
285,1033,1,0,1,1,1
286,1035,0,0,0,0,1
287,1036,0,0,0,0,1
288,1037,0,0,0,0,1
289,41997,0,0,0,0,1
290,1041,0,1,0,0,0
291,1046,0,0,1,1,1
292,82976,0,1,0,1,1
293,1059,0,1,0,0,1
294,74789,0,0,0,1,1
295,1073,0,1,0,1,1
296,1077,0,0,0,0,1
297,1078,0,0,0,0,1
298,1079,0,1,0,0,1
299,115770,1,1,0,1,1
300,1084,0,0,1,0,1
301,1086,0,1,0,1,1
302,1088,1,1,1,0,1
303,1089,0,0,0,0,1
304,1090,0,0,0,0,1
305,1092,0,0,0,0,1
306,1093,0,0,1,0,1
307,33863,1,0,1,0,1
308,1096,1,1,0,1,1
309,1097,0,1,1,1,1
310,1095,0,0,0,1,1
311,1101,0,0,0,0,1
312,1103,0,1,0,0,1
313,1104,0,1,0,0,1
314,1127,0,0,0,0,1
315,66665,0,1,1,1,1
316,1129,0,0,0,0,1
317,1136,0,0,1,0,1
318,1148,0,0,0,1,1
319,25748,0,1,0,0,1
320,1173,0,1,0,0,0
321,1178,0,1,0,0,1
322,1183,0,0,0,0,1
323,1186,1,1,0,1,0
324,1188,0,1,0,1,1
325,74916,1,1,0,1,1
326,1193,0,1,0,0,1
327,1196,0,0,1,0,1
328,1197,0,1,0,0,1
329,1198,0,0,0,0,1
330,1199,0,1,0,0,1
331,1200,0,0,0,0,1
332,1203,0,0,0,0,1
333,1204,0,1,0,0,1
334,1206,0,1,0,0,1
335,1207,0,0,1,0,1
336,1208,0,0,0,0,1
337,1210,0,0,0,0,1
338,1212,0,1,0,0,1
339,1214,0,0,0,0,1
340,58559,0,0,0,0,1
341,1217,0,0,0,0,1
342,1219,0,1,1,1,1
343,1222,0,0,0,0,1
344,1224,0,0,0,0,1
345,1225,0,1,0,0,1
346,1228,0,0,0,1,1
347,1230,0,1,0,0,1
348,1231,0,0,1,1,1
349,1234,0,0,0,0,1
350,1235,0,1,0,0,1
351,1236,1,1,1,1,1
352,42197,0,0,1,1,1
353,1240,0,0,0,0,1
354,1242,0,0,0,0,1
355,1244,0,0,1,1,1
356,1245,0,0,0,0,1
357,1246,0,0,0,0,1
358,1247,0,1,1,0,1
359,1248,0,1,0,0,1
360,1250,0,1,0,0,1
361,1252,0,1,0,0,1
362,1254,0,0,1,0,1
363,1256,0,1,0,0,1
364,1258,0,0,1,1,1
365,1259,0,1,0,0,1
366,1261,0,1,0,0,1
367,1262,0,0,0,0,1
368,1263,0,0,1,0,1
369,1265,1,1,0,0,1
370,1266,0,0,0,0,1
371,1267,0,0,0,0,1
372,1269,0,0,1,1,1
373,1270,0,1,0,0,1
374,1271,0,1,0,0,1
375,1272,0,0,0,0,1
376,1273,0,0,1,0,1
377,25850,1,1,1,1,0
378,1275,0,1,0,0,1
379,1276,1,0,0,1,1
380,107771,0,1,0,0,1
381,1278,0,1,0,0,1
382,1279,0,1,1,1,1
383,1280,0,1,0,0,1
384,1281,0,0,0,0,1
385,1283,1,0,0,0,1
386,1284,0,1,1,1,1
387,1285,0,1,1,0,1
388,115973,0,0,0,0,1
389,1287,0,0,0,1,1
390,1288,0,0,0,0,1
391,1291,0,0,1,0,1
392,1293,0,0,0,1,1
393,1299,0,0,0,0,1
394,1302,0,1,0,0,1
395,1303,0,0,0,0,1
396,1304,1,0,1,0,1
397,1305,0,0,1,1,1
398,1307,1,1,0,1,1
399,1327,0,0,0,0,1
400,1347,0,1,1,0,1
401,1350,0,1,0,0,1
402,1354,0,1,0,0,1
403,1356,0,0,0,0,1
404,1358,0,1,0,1,1
405,1370,0,1,1,0,1
406,1372,0,0,1,0,1
407,1375,0,0,0,0,1
408,1374,0,0,0,0,1
409,1376,0,0,1,0,1
410,1378,0,0,1,0,1
411,1380,1,1,0,0,1
412,1377,0,0,1,0,1
413,132456,0,1,0,0,1
414,107883,0,1,1,0,1
415,91500,0,0,0,0,1
416,1387,0,1,0,0,1
417,1393,1,0,0,1,0
418,1394,0,1,1,0,1
419,34162,0,1,1,0,1
420,1396,0,0,0,0,1
421,1405,0,0,1,0,1
422,1407,0,0,1,0,1
423,1411,0,0,1,0,1
424,91529,0,0,0,0,1
425,91542,0,0,0,1,1
426,50601,1,1,1,1,1
427,116138,0,1,0,0,1
428,58803,0,1,0,1,1
429,1464,0,1,0,0,1
430,1466,0,1,0,0,1
431,116161,0,0,0,0,1
432,1483,1,1,1,0,1
433,50641,0,1,1,1,0
434,26082,0,0,0,0,1
435,1517,0,0,0,0,1
436,1527,0,0,0,0,1
437,91658,0,1,0,0,1
438,26122,0,1,0,0,1
439,67087,0,1,0,1,1
440,1566,0,1,0,0,1
441,1573,0,0,0,0,1
442,1584,0,0,1,0,1
443,1588,0,1,1,0,1
444,1610,0,0,0,0,1
445,99917,0,0,0,0,1
446,1617,0,0,0,0,1
447,1620,0,0,0,0,1
448,1625,0,1,0,0,1
449,34405,0,0,0,0,1
450,1639,1,1,0,0,1
451,1641,0,1,0,0,0
452,1644,1,1,1,0,1
453,1645,0,1,0,0,1
454,1653,0,0,0,1,1
455,58998,1,1,1,1,1
456,26231,0,0,0,0,1
457,67193,0,1,0,1,1
458,34437,0,1,0,0,1
459,1673,1,1,1,0,1
460,1674,0,1,1,1,1
461,1682,1,0,1,1,1
462,108190,0,1,0,0,1
463,1704,0,1,0,0,1
464,26285,0,0,0,0,1
465,1719,0,0,0,0,1
466,1721,1,1,1,1,1
467,1729,0,1,0,1,0
468,1732,0,1,0,0,1
469,1747,0,0,0,0,1
470,1748,0,0,0,0,1
471,1754,0,0,0,0,1
472,100060,0,1,1,1,1
473,42725,1,1,1,1,0
474,34534,0,0,1,0,1
475,42732,1,1,0,1,1
476,1777,1,1,1,0,1
477,1784,1,1,0,0,1
478,91902,0,1,0,1,1
479,1805,0,0,0,0,1
480,100159,1,1,1,0,1
481,1884,0,0,0,0,1
482,1892,0,1,0,1,1
483,83827,0,0,1,0,1
484,1907,0,0,0,0,1
485,51063,0,1,0,0,1
486,1921,0,1,0,0,1
487,1923,0,1,0,0,0
488,1927,0,1,0,1,1
489,1939,0,0,0,0,1
490,100244,0,0,0,0,1
491,1942,1,0,1,1,1
492,26519,1,1,1,1,0
493,1944,0,0,0,0,1
494,1945,0,0,0,0,1
495,1946,0,1,1,1,0
496,1947,0,1,0,0,1
497,1949,0,0,0,1,1
498,1950,0,1,0,0,1
499,26528,0,0,1,1,1
500,1953,0,0,0,0,1
501,1954,0,0,1,0,1
502,1955,0,1,1,1,1
503,1956,0,1,0,1,1
504,1952,0,1,0,0,1
505,1958,0,1,0,0,1
506,1957,0,1,0,0,1
507,1959,0,1,0,0,1
508,1961,0,1,0,0,1
509,1967,0,1,0,0,1
510,1968,0,0,0,1,1
511,59315,0,0,0,0,1
512,1974,0,0,1,0,1
513,1982,0,0,1,0,1
514,1983,0,0,0,0,1
515,1994,0,1,1,0,1
516,1997,1,1,1,0,1
517,2000,0,1,0,0,1
518,2003,0,0,0,1,1
519,2011,0,1,0,0,1
520,2012,0,1,0,0,1
521,2018,0,0,0,0,1
522,2019,0,0,0,0,1
523,2020,0,1,0,0,1
524,2021,0,0,0,0,1
525,2022,0,0,0,0,1
526,59369,0,1,0,0,1
527,2025,0,1,0,0,1
528,2028,0,0,0,0,1
529,59387,0,1,1,0,1
530,2046,0,0,1,0,1
531,2048,0,1,1,0,1
532,2058,0,0,0,0,1
533,2066,0,1,0,0,1
534,2067,0,1,0,0,1
535,2076,0,1,0,0,1
536,59421,0,1,0,0,1
537,2080,0,1,1,1,0
538,2081,0,1,0,0,1
539,2085,0,1,0,0,1
540,26662,1,0,1,0,1
541,2087,0,0,0,0,1
542,2096,0,0,1,1,1
543,92210,0,1,1,0,1
544,51255,0,1,0,0,1
545,2105,0,0,0,0,1
546,116797,0,1,0,0,1
547,2109,0,1,1,0,1
548,116799,0,1,0,0,1
549,2115,0,0,1,0,1
550,2116,0,0,0,0,1
551,2132,0,0,0,1,1
552,2133,0,1,0,0,1
553,2139,0,1,0,1,1
554,2140,0,0,0,0,1
555,2143,0,1,0,0,1
556,2144,1,1,1,1,0
557,59501,0,1,0,0,1
558,2160,0,1,0,0,1
559,2161,0,1,0,0,1
560,2167,0,1,0,0,1
561,2174,0,0,1,1,1
562,2176,0,0,0,0,1
563,2183,0,1,1,0,1
564,2186,0,1,0,0,1
565,2193,0,0,0,0,1
566,2194,0,0,0,0,1
567,26776,0,1,0,0,1
568,2203,0,1,1,0,0
569,2208,0,1,0,0,1
570,116905,0,0,0,0,1
571,84152,0,1,0,0,1
572,108729,1,1,1,1,1
573,26810,0,1,0,0,0
574,51412,0,0,1,0,1
575,84187,0,1,0,0,1
576,2268,0,0,0,0,1
577,2273,0,0,1,0,1
578,2278,0,0,0,0,1
579,2288,0,0,0,0,1
580,2291,0,1,0,0,1
581,2297,0,1,1,1,1
582,92420,1,1,0,0,1
583,2318,0,1,0,1,1
584,26903,0,1,0,0,1
585,2329,0,0,0,0,1
586,133419,1,1,1,1,0
587,2352,1,1,1,1,0
588,2353,0,0,0,0,1
589,2355,0,0,1,1,1
590,76091,0,1,0,0,1
591,76093,0,1,0,0,1
592,2366,0,0,0,0,1
593,141636,0,1,1,0,0
594,2393,0,1,0,0,1
595,2394,0,0,0,1,1
596,2395,0,1,0,0,1
597,2396,0,0,0,0,1
598,92509,0,1,1,1,0
599,92507,0,0,0,0,1
600,2401,0,0,0,0,1
601,2403,0,1,0,0,1
602,2407,0,0,1,1,1
603,100714,1,1,1,1,1
604,2413,0,0,1,0,1
605,2420,0,0,0,0,1
606,2423,1,1,0,1,0
607,2424,0,0,1,1,1
608,2427,0,0,0,0,1
609,43396,1,0,1,1,1
610,59784,0,0,0,0,1
611,108949,0,0,0,0,1
612,84374,1,1,1,1,1
613,27032,0,0,0,0,1
614,2459,0,1,1,0,1
615,67997,0,0,0,1,1
616,2470,0,1,0,0,1
617,84392,0,0,0,0,1
618,117176,0,0,0,1,1
619,2490,0,1,0,0,1
620,2501,0,1,0,1,1
621,2502,0,1,0,0,0
622,51662,0,0,0,0,1
623,76251,0,0,0,0,1
624,2528,0,0,0,0,1
625,2529,0,0,0,0,1
626,92643,0,1,0,0,1
627,68073,0,0,1,0,1
628,2542,0,0,0,0,1
629,2571,0,1,0,0,1
630,2572,0,1,0,1,1
631,2599,1,1,0,1,1
632,2617,0,0,0,0,1
633,2618,0,0,0,1,1
634,68157,0,1,0,0,1
635,2640,0,0,0,0,1
636,2641,0,0,1,0,1
637,2648,0,0,0,0,1
638,2657,0,1,0,0,1
639,68194,0,0,0,1,1
640,2664,0,1,0,0,1
641,2671,0,1,1,1,1
642,84601,0,1,0,0,1
643,2686,0,1,0,0,1
644,2687,0,0,0,0,1
645,2690,0,1,1,1,0
646,60040,0,0,0,0,1
647,2700,0,1,0,0,1
648,68237,0,0,0,1,1
649,2706,1,1,0,1,1
650,2710,0,0,1,0,1
651,2712,0,1,0,1,1
652,2716,0,0,0,0,1
653,2717,0,0,1,0,1
654,2726,0,1,0,0,1
655,2728,0,0,0,0,1
656,60072,0,1,0,0,1
657,2730,0,0,0,0,1
658,68269,0,0,1,1,1
659,27317,0,1,0,0,1
660,2745,0,0,0,0,1
661,2750,0,0,1,0,1
662,2761,0,1,0,0,1
663,2762,1,1,0,0,1
664,2763,0,1,1,1,1
665,51931,1,0,1,1,1
666,60126,0,0,1,0,1
667,51935,0,0,0,0,1
668,2791,0,0,1,0,1
669,84716,0,1,1,1,1
670,2797,0,1,1,1,1
671,2803,0,0,0,1,1
672,2804,0,0,1,0,1
673,117504,0,1,0,1,0
674,117506,0,0,1,1,1
675,2819,0,0,1,0,1
676,68358,0,0,0,0,1
677,117517,1,0,1,1,1
678,84772,0,1,0,0,1
679,2858,0,1,0,0,0
680,2857,0,0,0,0,1
681,2867,0,1,0,0,1
682,2871,0,0,1,0,1
683,2872,0,0,0,0,1
684,109374,0,1,0,0,1
685,2881,1,0,0,0,1
686,2905,0,0,0,0,1
687,2908,1,1,0,0,1
688,2916,0,0,1,0,1
689,2917,0,1,0,0,1
690,2918,0,0,1,1,1
691,2921,0,0,0,0,1
692,2927,0,1,0,1,1
693,2932,0,1,0,0,1
694,2936,0,1,0,1,1
695,2940,0,0,0,0,1
696,27518,0,1,1,0,0
697,2944,0,0,0,0,1
698,2947,0,0,0,0,1
699,2959,0,0,0,0,1
700,2966,0,1,0,1,1
701,2968,0,0,1,0,1
702,2973,0,1,0,1,1
703,2985,0,0,0,0,1
704,2987,0,0,0,0,1
705,2989,0,0,0,0,1
706,109487,0,0,0,0,1
707,2990,0,0,0,0,1
708,2996,0,1,0,0,1
709,2997,0,1,0,0,1
710,3000,0,1,0,0,1
711,3005,0,0,1,0,1
712,3006,0,1,0,0,1
713,3016,0,0,0,0,1
714,68554,0,0,0,0,1
715,3020,0,1,0,1,1
716,3022,1,0,1,1,1
717,84944,0,1,0,0,1
718,3030,0,1,0,0,1
719,84952,0,0,0,0,0
720,3033,0,0,0,0,1
721,3035,0,0,0,1,1
722,3039,0,0,0,0,1
723,3052,0,1,0,0,1
724,60397,1,1,1,0,1
725,134130,0,0,0,0,1
726,44022,0,0,0,0,1
727,3072,1,1,0,1,1
728,3081,0,1,0,0,1
729,109578,0,1,0,0,1
730,109580,0,0,0,1,1
731,3087,1,1,1,1,1
732,3088,0,1,0,0,1
733,3091,0,1,0,0,1
734,52245,0,0,1,0,1
735,3095,0,0,1,0,1
736,3097,0,1,0,1,0
737,3100,1,0,0,1,0
738,3105,0,1,0,1,1
739,3111,1,1,0,1,1
740,3114,1,1,0,0,1
741,27706,0,1,1,1,1
742,109629,0,1,0,1,0
743,52287,0,1,1,1,1
744,27721,0,0,0,0,1
745,3147,0,1,0,0,1
746,3152,1,1,0,1,1
747,27731,0,0,1,0,1
748,3156,0,1,0,1,1
749,3155,0,0,0,0,1
750,93270,0,0,1,0,1
751,3160,0,1,0,0,1
752,27741,0,1,0,1,1
753,3175,0,0,1,0,1
754,52328,0,0,0,0,1
755,3176,1,1,0,0,1
756,3178,0,0,0,0,1
757,117867,0,0,0,0,1
758,3181,0,0,0,0,1
759,3196,0,0,0,0,1
760,3198,0,1,1,0,1
761,3201,0,0,1,1,1
762,3210,1,0,0,1,1
763,27798,0,0,0,0,1
764,3224,0,0,0,1,1
765,44195,0,1,0,1,1
766,44199,0,0,0,1,1
767,109740,1,1,0,1,0
768,27821,0,1,1,1,1
769,3246,0,0,1,1,1
770,3252,1,0,0,1,1
771,27831,0,0,0,0,1
772,3256,1,0,1,1,1
773,3255,0,0,0,1,0
774,27834,0,1,0,1,1
775,3262,0,1,0,0,1
776,3265,0,0,0,0,1
777,3266,0,0,0,1,1
778,3275,0,0,1,1,1
779,3289,0,1,0,1,0
780,3300,0,0,0,0,1
781,3301,1,1,0,0,1
782,3307,0,0,0,0,1
783,3310,0,1,1,1,1
784,27904,0,0,0,0,1
785,126219,0,1,0,0,0
786,60684,0,1,0,0,1
787,85259,0,0,0,0,1
788,3360,0,0,1,0,1
789,3361,0,0,0,0,1
790,3362,0,0,0,0,1
791,3363,1,0,0,0,1
792,3364,0,0,1,1,1
793,3365,1,1,1,0,1
794,126245,0,0,1,0,1
795,109864,0,0,1,0,1
796,3386,0,0,0,0,1
797,3396,0,0,0,0,1
798,93510,0,0,0,0,1
799,3408,0,1,0,0,1
800,68954,0,1,0,0,1
801,3424,0,0,0,0,1
802,3435,0,1,0,0,1
803,3441,0,0,0,0,1
804,3444,0,0,0,0,1
805,85367,1,1,1,1,1
806,3448,0,0,0,0,1
807,52604,0,0,0,0,1
808,3462,0,1,0,1,1
809,3467,0,1,1,0,1
810,3468,0,1,0,0,1
811,3469,0,0,0,0,1
812,3470,0,0,0,0,1
813,3471,0,0,0,0,1
814,3476,0,0,0,0,1
815,3479,0,1,0,0,1
816,3481,0,1,0,0,1
817,3489,0,1,0,0,1
818,3494,0,0,0,0,1
819,85414,1,0,1,1,1
820,3498,0,1,0,0,1
821,3499,0,1,0,1,1
822,3504,0,0,0,0,1
823,3508,0,0,0,0,1
824,3510,0,0,0,0,1
825,3513,0,0,0,1,1
826,3516,0,1,0,0,1
827,85438,0,1,0,0,1
828,3526,1,1,0,1,0
829,3527,0,0,0,0,1
830,3545,0,1,0,1,1
831,3551,0,1,1,0,1
832,3556,1,0,1,1,0
833,3559,0,0,0,1,1
834,101864,0,0,0,0,1
835,3578,0,0,0,0,1
836,69122,0,1,1,0,1
837,101895,0,0,0,0,1
838,3591,1,0,1,1,0
839,110102,0,0,0,0,1
840,60950,0,1,1,0,1
841,3608,0,1,0,0,1
842,3617,1,1,1,1,1
843,3629,0,0,0,0,1
844,3634,0,0,0,0,1
845,3635,0,0,0,0,1
846,3654,0,0,0,0,1
847,3671,0,0,0,0,1
848,3675,1,0,1,1,1
849,61024,0,1,1,0,1
850,3683,1,1,0,0,1
851,3698,0,0,0,0,1
852,3702,0,0,0,0,1
853,44665,0,0,0,0,1
854,3706,0,1,0,0,1
855,3730,0,0,0,1,1
856,52885,0,0,0,0,1
857,3735,0,0,1,1,1
858,3736,1,0,0,1,1
859,3740,0,0,0,0,1
860,36517,0,0,1,1,1
861,3751,0,0,0,0,1
862,3753,0,0,0,0,1
863,3755,0,0,1,1,1
864,36525,0,1,0,0,1
865,36529,0,1,0,0,1
866,36537,1,1,1,0,1
867,52929,0,1,0,0,1
868,134853,0,1,0,0,1
869,61132,0,1,0,0,1
870,3801,0,1,0,1,1
871,134881,0,0,0,0,1
872,3814,0,1,0,0,1
873,61160,0,0,0,0,1
874,102123,1,1,0,0,1
875,102125,0,0,0,0,1
876,52973,1,0,0,1,1
877,77561,0,0,0,0,1
878,85763,0,0,1,0,1
879,3868,0,0,0,0,1
880,3871,0,0,1,0,1
881,69406,0,1,1,1,0
882,3882,0,1,0,0,0
883,102194,0,0,1,0,1
884,61236,0,1,0,0,1
885,3897,0,1,1,1,1
886,3911,0,0,0,0,1
887,3916,0,0,0,0,1
888,3918,0,0,0,0,1
889,3925,0,1,1,0,1
890,3929,0,1,0,1,1
891,3949,0,1,0,0,1
892,94070,0,1,0,0,1
893,3967,0,1,0,0,1
894,3969,1,1,0,0,1
895,53125,0,0,1,0,1
896,3979,0,0,0,0,1
897,3980,0,1,0,0,1
898,61323,1,1,1,1,1
899,69516,0,0,0,0,1
900,3986,0,0,0,0,1
901,3994,0,0,0,0,1
902,3996,0,1,0,0,1
903,4002,0,1,0,1,1
904,4006,0,0,0,0,1
905,4011,0,1,0,0,1
906,118700,0,0,1,1,1
907,4014,0,1,0,1,1
908,4018,1,0,0,0,1
909,4019,1,0,1,0,1
910,118706,0,0,1,1,1
911,4025,1,0,1,1,1
912,4034,0,0,0,0,1
913,94150,0,0,0,1,1
914,110553,0,0,0,0,1
915,69604,0,0,0,0,1
916,4069,1,1,1,1,1
917,77800,0,0,0,0,1
918,110586,0,1,0,0,1
919,4105,1,1,1,0,1
920,69644,1,0,1,1,1
921,45081,0,1,0,0,1
922,102445,0,0,0,0,1
923,4144,0,0,0,1,1
924,110655,0,1,0,0,1
925,69712,0,1,0,0,1
926,4183,0,1,0,1,1
927,4187,0,0,0,1,1
928,118896,0,0,0,0,1
929,4223,0,0,0,0,1
930,4226,0,0,0,1,1
931,45186,0,0,0,0,1
932,110730,0,1,0,0,1
933,4239,0,0,1,1,1
934,4246,1,1,0,1,1
935,45210,0,0,1,1,1
936,4262,0,1,0,0,1
937,86190,1,1,1,1,1
938,102588,0,1,1,0,1
939,4296,0,1,0,0,1
940,4299,0,0,0,0,1
941,4306,1,1,0,0,1
942,69844,0,1,0,0,1
943,53460,1,0,1,0,1
944,4308,0,1,0,0,1
945,78039,0,1,0,1,0
946,4310,0,1,0,0,1
947,127192,0,0,1,1,1
948,127198,0,1,0,0,1
949,4321,1,0,0,0,1
950,4327,0,0,0,0,1
951,4329,0,0,0,0,1
952,4366,0,0,1,0,1
953,94478,0,1,0,0,1
954,86298,0,0,1,0,1
955,4387,0,1,0,0,1
956,4406,0,0,0,0,1
957,86332,0,0,0,0,1
958,102716,0,0,1,0,1
959,69951,0,1,0,0,1
960,4426,0,0,0,0,1
961,4427,0,0,0,1,1
962,4432,1,0,0,1,1
963,4446,0,0,0,0,1
964,4447,1,0,0,0,0
965,4448,0,0,0,0,1
966,119145,0,1,0,0,1
967,45431,0,1,0,0,1
968,78209,1,1,0,0,1
969,135567,0,0,0,0,1
970,102800,1,1,0,0,0
971,4545,0,0,0,0,1
972,45517,0,0,0,0,1
973,4571,0,0,0,0,1
974,78316,0,1,0,0,1
975,102903,0,1,0,0,1
976,4641,0,1,0,0,1
977,4649,1,0,1,1,1
978,94777,0,1,0,0,1
979,127565,0,1,0,1,1
980,86628,0,1,0,0,1
981,45668,1,1,1,1,1
982,4718,0,0,1,0,1
983,4720,0,1,1,1,1
984,86644,0,1,1,0,1
985,103042,0,0,0,0,1
986,78469,0,0,0,0,1
987,70286,0,0,0,0,1
988,94864,0,0,0,0,1
989,111249,0,0,0,0,1
990,45720,0,1,0,1,1
991,45722,0,0,0,0,1
992,78499,1,1,1,0,1
993,4776,0,1,0,0,1
994,62155,0,1,0,1,1
995,4816,0,1,0,0,1
996,53972,0,0,1,0,1
997,4823,0,1,0,0,1
998,103141,0,1,0,0,1
999,53996,0,0,0,0,1
1000,78574,0,1,0,0,1
1001,94959,0,1,1,0,1
1002,4848,0,1,1,0,0
1003,54001,0,1,0,0,1
1004,4855,0,0,0,0,1
1005,94969,0,1,1,1,1
1006,4857,0,1,0,0,1
1007,86781,0,1,1,0,1
1008,111362,0,0,0,0,1
1009,4866,0,0,0,0,1
1010,111364,0,0,0,0,1
1011,4878,1,1,1,1,1
1012,4880,0,1,0,0,1
1013,4886,0,0,0,0,1
1014,111384,0,1,0,0,1
1015,86815,0,1,1,1,1
1016,4896,0,0,0,0,1
1017,4901,0,0,1,1,1
1018,78637,0,0,0,0,1
1019,86833,0,1,0,1,0
1020,4920,1,1,1,1,1
1021,4927,0,0,0,0,1
1022,103253,0,1,0,0,1
1023,86880,0,0,0,0,1
1024,37729,0,1,0,0,1
1025,86882,0,1,0,0,1
1026,4963,0,0,0,0,1
1027,37733,0,1,1,1,1
1028,4966,0,0,1,1,1
1029,86892,0,1,1,1,1
1030,37741,0,1,0,0,1
1031,4975,0,1,0,1,1
1032,86898,0,1,0,1,1
1033,4979,0,1,1,0,1
1034,4993,0,0,0,0,1
1035,95105,0,1,1,0,1
1036,4995,0,1,0,0,1
1037,70533,0,0,1,0,1
1038,5004,0,1,0,0,1
1039,70541,0,1,0,0,0
1040,5008,0,1,0,0,1
1041,5010,0,0,1,0,1
1042,103335,0,0,1,0,1
1043,103339,0,0,1,0,1
1044,103341,0,1,0,0,1
1045,78772,1,1,1,1,1
1046,5049,0,0,0,0,1
1047,95167,0,1,0,0,1
1048,5064,0,1,0,0,1
1049,5066,1,1,1,0,1
1050,127974,0,0,0,1,1
1051,5103,0,0,0,1,1
1052,54256,1,0,0,0,1
1053,5105,0,1,1,1,1
1054,54259,0,1,0,0,1
1055,5108,0,1,0,0,1
1056,5110,0,0,1,0,1
1057,5120,0,0,1,0,1
1058,111617,1,1,1,1,1
1059,54286,0,0,0,0,1
1060,5152,0,0,0,0,1
1061,111659,0,1,0,0,1
1062,5187,0,0,0,0,1
1063,95309,1,0,0,0,1
1064,5218,0,0,1,0,1
1065,5247,0,0,0,0,1
1066,111743,0,0,1,0,1
1067,111759,0,0,0,0,1
1068,38038,0,1,0,0,1
1069,5283,0,1,0,0,1
1070,5291,0,1,0,0,1
1071,38061,0,1,0,0,1
1072,5299,1,1,0,0,1
1073,87222,0,0,0,0,1
1074,87232,0,1,0,0,1
1075,103624,1,0,1,1,1
1076,5349,0,1,1,0,1
1077,54503,1,1,1,0,1
1078,103659,0,0,1,0,1
1079,79091,0,0,0,0,1
1080,5377,1,1,0,1,1
1081,5388,0,0,0,0,1
1082,5400,0,0,0,0,1
1083,79132,0,0,0,0,1
1084,5418,0,0,0,0,1
1085,5421,0,0,1,0,1
1086,136495,0,1,1,0,1
1087,111921,0,1,0,0,1
1088,111924,0,0,0,1,1
1089,5444,0,0,0,0,1
1090,95558,0,0,0,1,1
1091,120138,0,1,0,0,1
1092,95567,1,1,0,1,1
1093,79185,0,0,0,0,1
1094,5464,0,0,0,0,1
1095,103772,0,1,0,0,1
1096,5481,0,0,0,0,1
1097,5498,0,1,1,1,1
1098,5500,0,0,0,0,1
1099,5502,0,0,1,1,1
1100,103810,0,0,0,0,1
1101,79242,1,1,1,1,0
1102,5541,0,0,0,0,1
1103,95654,0,1,0,0,0
1104,79293,0,0,0,0,1
1105,112070,0,1,0,0,1
1106,5574,0,1,0,0,1
1107,5577,1,1,0,0,1
1108,5618,0,1,0,0,1
1109,46578,0,0,1,1,1
1110,5620,0,1,1,1,1
1111,79357,0,1,0,1,1
1112,5630,0,1,1,0,1
1113,128520,0,1,0,0,1
1114,112138,1,1,1,0,1
1115,5666,1,0,0,0,1
1116,5673,1,1,0,1,1
1117,112171,0,0,0,0,1
1118,103980,0,1,0,1,0
1119,112175,0,0,0,0,1
1120,5679,1,1,1,0,1
1121,112183,0,1,1,0,1
1122,5690,0,1,0,0,0
1123,71264,0,0,0,0,1
1124,63082,0,1,0,0,0
1125,95856,0,1,1,0,1
1126,95873,0,1,0,0,1
1127,95875,0,0,0,0,1
1128,63113,0,0,0,0,1
1129,120466,0,0,0,0,1
1130,104089,0,0,0,0,0
1131,63131,0,0,1,1,1
1132,112290,1,0,1,1,1
1133,5816,0,0,0,0,1
1134,112316,0,0,1,1,1
1135,79553,0,0,0,0,1
1136,95939,0,0,0,1,1
1137,54997,0,1,0,0,1
1138,55052,0,1,0,1,1
1139,5902,0,1,0,0,1
1140,5903,0,0,0,0,1
1141,104211,0,1,0,0,1
1142,112421,1,1,1,0,1
1143,71464,0,1,0,0,1
1144,104241,0,1,0,0,1
1145,104243,0,0,0,0,1
1146,5945,0,1,0,1,0
1147,55098,0,0,1,0,1
1148,5952,0,1,0,0,1
1149,5954,1,0,0,1,1
1150,55118,0,1,1,0,1
1151,96079,0,0,0,0,1
1152,5970,0,1,0,1,0
1153,5971,0,1,0,0,1
1154,79702,1,1,1,0,1
1155,104283,0,1,0,0,1
1156,5989,0,1,0,1,1
1157,5991,0,1,0,0,1
1158,79720,1,1,0,0,1
1159,71530,0,0,0,0,1
1160,5995,0,1,0,0,1
1161,46976,0,1,0,1,1
1162,112552,0,0,0,0,1
1163,112556,0,1,0,1,1
1164,104374,1,1,1,1,1
1165,55232,0,0,1,0,1
1166,55247,0,1,1,1,1
1167,55253,0,1,0,0,1
1168,120799,0,0,0,0,1
1169,38886,0,0,0,0,1
1170,55276,0,1,0,1,1
1171,112623,0,0,0,0,1
1172,1218,0,1,1,0,1
1173,30707,0,0,0,1,1
1174,55290,0,1,0,0,1
1175,47099,0,1,0,1,1
1176,30749,0,0,1,0,1
1177,6187,0,0,1,1,1
1178,88125,0,1,0,0,1
1179,88129,0,1,0,0,1
1180,55363,0,0,0,0,1
1181,104520,0,0,0,1,1
1182,30793,0,1,1,0,1
1183,6218,0,1,1,1,0
1184,88140,0,0,0,0,1
1185,30810,1,1,1,0,1
1186,30812,0,1,1,1,1
1187,30816,0,1,0,0,1
1188,88163,1,1,0,1,0
1189,112749,0,0,0,0,1
1190,88179,1,1,1,1,1
1191,96373,0,1,0,0,1
1192,6273,0,0,0,0,1
1193,55442,0,1,0,0,1
1194,6297,0,1,0,0,1
1195,6301,0,1,0,0,1
1196,71838,0,0,0,0,1
1197,96417,0,0,0,0,1
1198,96432,0,0,0,0,1
1199,6323,0,0,1,0,1
1200,6350,0,1,0,0,1
1201,112852,0,1,0,0,1
1202,71899,0,1,0,1,1
1203,6365,0,0,0,0,1
1204,6373,0,0,0,0,1
1205,6377,0,0,0,0,1
1206,6378,0,0,0,0,1
1207,112897,0,0,0,0,1
1208,1274,0,1,0,0,1
1209,121103,1,0,1,1,1
1210,39183,0,0,0,0,1
1211,47382,1,1,1,0,1
1212,80166,0,1,0,0,1
1213,6440,0,0,0,0,1
1214,112940,0,1,0,0,1
1215,47404,0,0,0,0,1
1216,6460,0,1,0,0,1
1217,6461,0,0,1,0,1
1218,129354,0,0,0,0,1
1219,72011,1,1,1,0,1
1220,96588,0,0,1,0,1
1221,88405,1,1,0,0,1
1222,96610,0,0,0,0,1
1223,6502,0,0,0,0,1
1224,63859,0,1,0,0,1
1225,63876,0,0,0,0,1
1226,104841,0,0,1,1,1
1227,6539,0,1,0,0,1
1228,6537,0,0,0,1,1
1229,6565,0,0,0,0,1
1230,104879,0,1,0,0,1
1231,6579,1,1,0,0,1
1232,6586,0,1,1,1,1
1233,104913,0,0,1,1,1
1234,55765,0,0,0,0,1
1235,6615,0,1,0,0,1
1236,96728,0,1,0,0,1
1237,96737,0,0,0,0,1
1238,6636,1,1,1,1,0
1239,104944,0,1,1,0,1
1240,6643,0,1,0,1,1
1241,31225,0,0,0,1,0
1242,47610,0,0,1,0,1
1243,6650,0,1,0,0,1
1244,55805,0,1,0,0,1
1245,6659,0,0,0,0,1
1246,55814,0,0,0,0,1
1247,6662,0,0,1,0,1
1248,55820,0,1,0,0,1
1249,6669,0,1,0,1,0
1250,47629,0,0,1,0,1
1251,39446,0,1,0,0,1
1252,64034,0,1,1,1,1
1253,72226,0,0,0,0,1
1254,96811,0,0,1,1,1
1255,6708,0,1,1,0,1
1256,96821,1,1,1,1,1
1257,6711,0,1,0,0,1
1258,55872,0,0,0,0,1
1259,6724,0,1,0,0,1
1260,80463,0,1,0,0,1
1261,113240,0,1,0,1,0
1262,6754,0,0,0,0,1
1263,80489,0,1,1,0,1
1264,6774,0,0,1,0,1
1265,6777,0,0,0,0,1
1266,113275,0,1,0,0,1
1267,6787,0,0,0,0,1
1268,72330,0,1,1,1,1
1269,6808,0,0,0,0,1
1270,80549,1,1,0,0,0
1271,88744,0,1,0,0,1
1272,31420,0,0,1,0,1
1273,6852,0,0,0,0,1
1274,64197,0,0,0,0,1
1275,96966,0,1,0,1,0
1276,96969,0,1,0,0,1
1277,6857,0,1,0,0,1
1278,72395,0,1,0,1,0
1279,80586,0,1,0,0,1
1280,6863,0,1,0,0,1
1281,25788,0,0,0,0,1
1282,6867,0,1,0,0,0
1283,6870,0,0,0,0,1
1284,6879,0,0,0,0,1
1285,113378,0,0,0,0,1
1286,6886,0,1,0,0,1
1287,88810,0,1,0,0,1
1288,105197,0,0,0,1,1
1289,6902,0,0,0,1,1
1290,6936,0,1,0,0,1
1291,56093,0,0,0,0,1
1292,6942,0,1,0,0,1
1293,64285,0,1,0,1,0
1294,6947,0,0,0,0,1
1295,6953,0,1,0,0,1
1296,6979,0,0,0,0,1
1297,6993,0,0,1,0,1
1298,56145,0,0,1,0,1
1299,56152,0,0,1,1,1
1300,7013,0,0,1,0,1
1301,7022,0,1,0,0,1
1302,56174,0,0,0,0,1
1303,113521,0,1,0,0,1
1304,7044,0,0,1,0,1
1305,97172,0,1,0,0,1
1306,7071,1,1,1,1,1
1307,7072,0,1,1,1,0
1308,7076,0,0,0,0,1
1309,113573,0,0,0,0,1
1310,31658,0,1,0,0,1
1311,48043,0,0,0,0,1
1312,7090,0,0,0,0,1
1313,7099,0,0,0,0,1
1314,72641,1,0,1,1,1
1315,113604,1,1,1,1,1
1316,31685,0,0,0,0,1
1317,80839,0,1,0,0,1
1318,97225,0,1,0,0,1
1319,89039,1,1,0,0,1
1320,31696,0,0,0,0,1
1321,7123,0,1,0,0,1
1322,105429,0,0,0,1,1
1323,7132,0,1,1,0,1
1324,7143,0,0,0,0,1
1325,7147,0,1,0,0,1
1326,7153,0,0,0,0,1
1327,7156,0,0,1,1,1
1328,7158,0,0,0,1,1
1329,7160,0,1,0,0,1
1330,7163,0,0,0,0,1
1331,7164,0,1,1,0,1
1332,72720,0,1,0,0,1
1333,97304,0,0,0,0,1
1334,72733,0,0,1,1,1
1335,105504,0,0,0,0,1
1336,72737,0,1,0,0,1
1337,48161,0,1,0,0,0
1338,72741,0,1,0,1,1
1339,56367,1,1,0,0,1
1340,7217,0,1,0,0,1
1341,64575,0,0,0,1,1
1342,80969,0,0,1,1,1
1343,113741,0,0,0,0,1
1344,7254,0,1,0,0,1
1345,64614,0,1,0,0,1
1346,64620,0,0,0,0,1
1347,105593,0,1,0,0,1
1348,7293,0,1,1,1,0
1349,7317,1,1,1,1,1
1350,7318,0,0,0,0,1
1351,113829,1,0,0,1,1
1352,7346,0,1,0,0,1
1353,7347,0,1,0,0,1
1354,7360,0,1,0,1,1
1355,7361,0,0,0,1,1
1356,64716,0,0,0,1,1
1357,7386,0,0,0,0,1
1358,7387,0,0,1,1,1
1359,130284,0,0,0,0,1
1360,7419,0,1,0,1,1
1361,48394,0,0,0,0,1
1362,56587,0,0,1,1,1
1363,7451,0,1,0,0,1
1364,32029,0,0,0,0,1
1365,56607,0,0,1,0,1
1366,72998,0,0,0,0,1
1367,73017,0,0,0,0,1
1368,64839,0,1,1,0,1
1369,114028,0,0,0,1,1
1370,105844,0,1,0,0,1
1371,48516,0,0,0,0,1
1372,56715,0,0,0,0,1
1373,7569,0,0,0,0,1
1374,89492,0,0,0,0,1
1375,130452,1,1,1,0,1
1376,114074,1,1,0,0,1
1377,114082,0,0,0,0,1
1378,56757,0,1,1,0,1
1379,64957,0,1,0,0,0
1380,56775,0,0,1,0,1
1381,56782,0,1,0,0,1
1382,73168,0,0,0,0,1
1383,48593,0,1,0,0,1
1384,97752,0,1,0,0,1
1385,40412,0,0,0,1,1
1386,114180,0,0,1,0,1
1387,106002,0,0,1,0,1
1388,48696,1,1,1,1,0
1389,114246,0,1,1,0,1
1390,114250,0,1,0,1,1
1391,97870,0,1,0,0,1
1392,7766,0,0,0,0,1
1393,106072,0,0,0,0,1
1394,48738,0,0,0,1,1
1395,73321,0,0,1,1,1
1396,106100,0,1,0,0,1
1397,56949,1,1,0,1,1
1398,97913,0,0,0,0,1
1399,97921,0,1,1,1,1
1400,97923,0,1,0,1,1
1401,48774,0,0,0,0,1
1402,7815,0,0,0,0,1
1403,7817,0,0,0,0,1
1404,48780,0,1,0,0,1
1405,97938,0,1,0,0,1
1406,89753,0,0,0,0,1
1407,81562,0,1,1,0,1
1408,81564,0,0,0,0,1
1409,89774,0,1,1,0,1
1410,40629,0,1,1,1,1
1411,81591,0,1,0,1,1
1412,65216,0,0,0,0,1
1413,89804,0,0,0,1,1
1414,122577,0,0,0,0,1
1415,98017,0,1,1,1,1
1416,81641,0,0,1,0,1
1417,89837,0,1,0,0,1
1418,32497,0,1,0,0,1
1419,7925,0,1,0,0,1
1420,7926,0,1,0,0,1
1421,89864,1,1,0,1,1
1422,65293,0,0,0,1,1
1423,32554,0,0,0,0,1
1424,7980,0,0,0,0,1
1425,7981,0,0,1,1,1
1426,32587,0,1,0,0,1
1427,48982,0,0,0,0,1
1428,8033,0,1,1,1,1
1429,48997,0,0,0,0,1
1430,98154,1,0,0,1,1
1431,40815,0,0,1,1,1
1432,40819,0,1,0,0,1
1433,81782,0,0,1,0,1
1434,40826,0,1,0,1,1
1435,8094,0,0,0,0,1
1436,114601,1,1,1,1,1
1437,81834,0,1,0,0,1
1438,81845,0,0,1,1,1
1439,81847,0,1,0,0,1
1440,8125,0,1,1,0,1
1441,98243,0,1,0,0,1
1442,8132,0,1,0,0,1
1443,106438,0,1,0,0,1
1444,90057,0,0,0,1,1
1445,106452,1,1,0,0,0
1446,65514,0,0,0,0,1
1447,8188,0,1,0,0,1
