,movielensId,imdbId,extroversion,neuroticism,agreeableness,conscientiousness,openess
0,1,tttt0114709,0,0,1,0,1
1,122882,tttt1392190,0,0,0,0,1
2,6,tttt0113277,0,1,0,0,1
3,8199,tttt0046478,0,0,0,0,1
4,10,tttt0113189,0,0,0,0,1
5,11,tttt0112346,1,0,1,1,1
6,122892,tttt2395427,0,0,1,0,1
7,81932,tttt0964517,0,0,0,0,1
8,14,tttt0113987,0,0,0,1,1
9,8207,tttt0069947,0,0,0,1,1
10,16,tttt0112641,0,0,0,0,1
11,17,tttt0114388,0,1,1,1,0
12,122896,tttt1790809,0,1,0,0,1
13,19,tttt0112281,0,0,0,0,1
14,122898,tttt0974015,0,0,0,0,1
15,25,tttt0113627,0,1,0,0,1
16,28,tttt0114117,0,0,0,1,1
17,31,tttt0112792,0,1,0,0,1
18,32,tttt0114746,0,0,0,0,1
19,34,tttt0112431,0,1,0,0,1
20,8228,tttt0022111,0,0,0,0,1
21,36,tttt0112818,0,0,0,0,1
22,122918,tttt3896198,0,0,0,0,1
23,39,tttt0112697,0,1,0,0,0
24,8235,tttt0014429,0,0,0,1,1
25,122924,tttt3385516,0,0,0,0,1
26,45,tttt0114681,0,1,0,0,1
27,50,tttt0114814,0,0,0,0,1
28,98361,tttt1531901,0,1,0,0,1
29,62,tttt0113862,0,1,1,0,1
30,8261,tttt0075612,1,1,0,0,1
31,70,tttt0116367,0,0,0,0,1
32,8268,tttt0107843,0,1,0,0,1
33,88,tttt0115697,1,0,1,1,1
34,95,tttt0115759,0,0,1,0,1
35,104,tttt0116483,0,0,1,1,1
36,105,tttt0112579,0,0,1,1,1
37,110,tttt0112573,0,0,0,0,1
38,111,tttt0075314,0,1,0,1,1
39,49272,tttt0381061,0,0,0,0,1
40,49274,tttt0366548,0,0,0,0,1
41,123,tttt0109424,1,1,0,1,0
42,49278,tttt0453467,0,0,1,1,1
43,49286,tttt0457939,1,1,1,1,1
44,135,tttt0116130,1,0,0,0,1
45,141,tttt0115685,0,1,1,0,1
46,145,tttt0112442,0,0,0,0,1
47,147,tttt0112461,0,0,0,0,1
48,150,tttt0112384,0,0,1,0,1
49,73881,tttt1187043,0,1,1,0,1
50,57504,tttt0808506,0,1,1,0,0
51,161,tttt0112740,0,0,0,0,1
52,163,tttt0112851,0,1,1,0,1
53,131237,tttt1595366,1,0,0,1,1
54,166,tttt0112887,0,1,1,0,1
55,8360,tttt0298148,0,0,1,0,1
56,175,tttt0113540,1,1,1,0,1
57,8368,tttt0304141,0,1,0,0,1
58,8371,tttt0296572,0,1,0,0,1
59,190,tttt0114323,0,0,1,1,1
60,106696,tttt2294629,0,1,1,0,1
61,203,tttt0114682,0,0,1,1,1
62,204,tttt0114781,0,0,1,0,1
63,215,tttt0112471,1,0,1,1,1
64,216,tttt0112508,0,0,0,0,1
65,223,tttt0109445,1,1,1,1,0
66,231,tttt0109686,0,0,1,1,1
67,235,tttt0109707,0,0,0,0,1
68,33004,tttt0371724,0,0,0,0,1
69,90357,tttt1204340,0,1,0,0,1
70,114935,tttt2397535,0,0,0,0,1
71,82169,tttt0980970,0,1,1,0,1
72,253,tttt0110148,0,1,0,0,1
73,90374,tttt1441326,0,1,1,0,1
74,262,tttt0113670,0,1,1,1,1
75,90376,tttt1242460,0,1,0,0,1
76,266,tttt0110322,0,1,0,0,1
77,106766,tttt2042568,0,1,0,0,1
78,277,tttt0110527,0,1,1,0,1
79,282,tttt0110638,1,1,1,0,1
80,288,tttt0110632,0,0,0,0,1
81,106785,tttt2312718,0,0,0,0,1
82,292,tttt0114069,0,0,0,0,1
83,90405,tttt1637688,0,1,0,0,1
84,296,tttt0110912,0,0,0,1,1
85,8491,tttt0042041,0,0,0,0,1
86,300,tttt0110932,0,0,0,0,1
87,8507,tttt0022913,0,1,0,0,1
88,316,tttt0111282,0,0,0,0,1
89,318,tttt0111161,0,0,0,0,1
90,90430,tttt1692486,1,1,1,0,1
91,8516,tttt0038733,0,0,0,0,1
92,57669,tttt0780536,1,0,0,0,1
93,326,tttt0110081,0,1,0,0,1
94,327,tttt0114614,0,1,0,0,1
95,65868,tttt0963194,0,1,0,0,1
96,333,tttt0114694,0,1,0,1,0
97,8528,tttt0364725,0,0,0,0,1
98,8529,tttt0362227,0,1,0,0,1
99,337,tttt0108550,0,1,1,0,0
100,339,tttt0114924,0,1,1,1,0
101,8533,tttt0332280,0,1,0,1,1
102,344,tttt0109040,0,1,0,0,1
103,349,tttt0109444,0,0,1,0,1
104,350,tttt0109446,1,0,0,0,1
105,8542,tttt0028772,0,0,0,0,1
106,353,tttt0109506,0,0,0,0,1
107,356,tttt0109830,1,0,1,1,1
108,357,tttt0109831,1,1,0,1,1
109,364,tttt0110357,0,1,0,0,1
110,370,tttt0110622,0,0,0,0,1
111,377,tttt0111257,0,0,1,1,1
112,49530,tttt0450259,0,0,0,0,1
113,380,tttt0111503,0,1,0,0,1
114,33162,tttt0320661,0,1,0,0,1
115,407,tttt0113409,0,0,0,0,1
116,410,tttt0106220,1,1,1,0,0
117,8607,tttt0388473,0,1,0,0,0
118,90531,tttt1723811,1,1,1,1,1
119,106916,tttt1800241,0,1,0,0,1
120,106920,tttt1798709,0,1,0,0,1
121,431,tttt0106519,0,0,0,0,1
122,8623,tttt0093886,1,1,0,0,1
123,123310,tttt0117942,1,1,1,1,1
124,441,tttt0106677,1,1,0,1,0
125,8636,tttt0316654,0,0,0,0,1
126,8638,tttt0381681,0,1,1,0,1
127,8641,tttt0357413,1,0,0,0,1
128,8644,tttt0343818,0,0,0,0,1
129,8645,tttt0390221,0,1,1,0,0
130,454,tttt0106918,0,1,1,1,1
131,457,tttt0106977,0,1,0,0,1
132,8665,tttt0372183,0,1,0,0,1
133,474,tttt0107206,0,0,0,0,1
134,480,tttt0107290,0,0,1,0,1
135,481,tttt0107302,0,1,0,0,1
136,497,tttt0107616,0,1,1,1,1
137,74228,tttt1187064,0,1,1,1,1
138,501,tttt0107653,0,1,0,0,1
139,506,tttt0107756,0,0,1,1,1
140,508,tttt0107818,0,1,0,0,1
141,509,tttt0107822,0,1,0,1,1
142,515,tttt0107943,0,0,0,1,1
143,520,tttt0107977,0,1,0,1,1
144,115210,tttt2713180,0,1,0,0,1
145,524,tttt0108002,0,0,0,0,1
146,527,tttt0108052,0,1,0,0,1
147,534,tttt0108101,0,0,0,1,1
148,90647,tttt0448694,0,1,0,0,1
149,82459,tttt1403865,0,1,0,0,1
150,539,tttt0108160,0,1,0,1,1
151,541,tttt0083658,0,1,0,0,1
152,82463,tttt1431181,0,1,0,1,1
153,98852,tttt0120530,0,1,0,0,1
154,551,tttt0107688,0,0,0,0,1
155,555,tttt0108399,0,0,0,0,1
156,66097,tttt0327597,0,1,0,0,1
157,107069,tttt1091191,0,0,1,0,1
158,8772,tttt0059749,0,0,0,1,1
159,107081,tttt0057714,0,1,0,0,1
160,587,tttt0099653,0,1,0,0,1
161,588,tttt0103639,0,0,0,0,1
162,589,tttt0103064,0,0,0,0,1
163,590,tttt0099348,0,0,0,0,1
164,8784,tttt0333766,0,1,1,0,1
165,593,tttt0102926,0,1,0,0,1
166,594,tttt0029583,0,1,1,1,1
167,595,tttt0101414,0,1,0,0,1
168,596,tttt0032910,0,1,0,0,1
169,592,tttt0096895,0,0,1,0,1
170,599,tttt0065214,0,0,0,0,1
171,597,tttt0100405,1,1,0,1,1
172,8798,tttt0369339,0,0,0,1,1
173,41566,tttt0363771,0,1,1,0,1
174,608,tttt0116282,0,1,0,0,1
175,41569,tttt0360717,0,1,1,0,1
176,8800,tttt0345061,0,1,0,1,1
177,610,tttt0082509,0,0,0,0,1
178,8807,tttt0366551,0,1,0,1,1
179,616,tttt0065421,0,1,0,1,1
180,628,tttt0117381,0,1,0,1,1
181,107141,tttt2140373,1,1,0,1,1
182,98956,tttt2082197,0,1,0,0,1
183,98961,tttt1790885,0,0,0,0,1
184,661,tttt0116683,0,1,1,1,1
185,668,tttt0048473,0,1,1,0,1
186,33437,tttt0342258,0,1,0,0,1
187,8861,tttt0318627,0,0,0,0,1
188,8873,tttt0318462,0,0,1,1,1
189,8874,tttt0365748,1,1,0,0,1
190,58025,tttt0489099,0,1,1,0,1
191,74416,tttt1232776,1,1,1,0,1
192,115381,tttt1698641,0,1,1,1,1
193,58047,tttt0832266,1,1,0,1,0
194,714,tttt0112817,0,1,1,0,1
195,8914,tttt0390384,0,0,0,0,1
196,724,tttt0115963,0,0,1,0,1
197,74458,tttt1130884,0,1,1,0,1
198,733,tttt0117500,0,0,0,0,1
199,741,tttt0113568,0,0,0,0,1
200,82667,tttt1588170,0,1,0,0,1
201,750,tttt0057012,0,0,0,0,1
202,90866,tttt0970179,0,0,0,0,1
203,49910,tttt0463998,0,1,0,0,0
204,8957,tttt0387564,0,0,0,0,1
205,8958,tttt0350258,1,0,1,0,1
206,8961,tttt0317705,0,1,0,0,1
207,8965,tttt0338348,0,0,1,1,1
208,778,tttt0117951,0,1,0,0,1
209,8970,tttt0308644,0,1,0,1,1
210,780,tttt0116629,0,0,0,0,1
211,49932,tttt0460829,0,0,0,0,1
212,799,tttt0116365,0,1,0,0,1
213,805,tttt0117913,0,0,0,0,1
214,99112,tttt0790724,0,0,0,0,1
215,99114,tttt1853728,0,1,0,0,1
216,9005,tttt0106912,0,0,0,0,1
217,832,tttt0117438,0,1,0,0,1
218,66371,tttt1069238,0,1,0,0,0
219,838,tttt0116191,0,1,0,0,1
220,33610,tttt0035664,0,0,1,0,1
221,99149,tttt1707386,0,1,0,0,1
222,33615,tttt0351283,1,0,1,1,1
223,107348,tttt1229340,1,0,1,1,1
224,858,tttt0068646,0,0,1,0,1
225,115569,tttt2872718,0,0,0,0,1
226,33660,tttt0352248,0,1,0,0,1
227,898,tttt0032904,0,1,1,1,1
228,899,tttt0045152,0,1,0,0,1
229,903,tttt0052357,0,1,0,0,1
230,904,tttt0047396,0,1,1,0,1
231,905,tttt0025316,0,1,0,0,1
232,906,tttt0036855,0,0,0,1,1
233,908,tttt0053125,0,0,0,0,1
234,909,tttt0053604,0,1,0,0,1
235,910,tttt0053291,1,1,0,1,0
236,107406,tttt1706620,0,0,0,0,1
237,912,tttt0034583,0,1,1,0,1
238,913,tttt0033870,0,0,0,0,1
239,914,tttt0058385,0,0,0,1,1
240,915,tttt0047437,0,1,1,0,1
241,911,tttt0056923,0,1,0,0,1
242,916,tttt0046250,0,1,1,1,1
243,50068,tttt0498380,0,0,0,0,1
244,919,tttt0032138,0,0,0,1,1
245,920,tttt0031381,1,1,1,0,1
246,922,tttt0043014,0,1,1,1,1
247,923,tttt0033467,0,0,0,0,1
248,924,tttt0062622,0,0,1,0,1
249,926,tttt0042192,0,1,0,1,1
250,927,tttt0032143,0,1,0,0,1
251,928,tttt0032976,0,1,1,1,1
252,115617,tttt2245084,0,1,0,0,1
253,930,tttt0038787,1,1,1,1,1
254,933,tttt0048728,0,1,1,0,1
255,940,tttt0029843,0,1,0,1,1
256,942,tttt0037008,1,1,0,1,1
257,946,tttt0035446,0,1,0,0,1
258,947,tttt0028010,0,1,0,1,0
259,950,tttt0025878,0,0,1,0,1
260,951,tttt0032599,0,0,1,1,1
261,58295,tttt0200465,0,1,0,1,1
262,953,tttt0038650,0,1,0,0,1
263,954,tttt0031679,0,0,0,0,1
264,955,tttt0029947,0,1,0,0,1
265,58299,tttt0451079,0,0,0,0,1
266,965,tttt0026029,0,1,1,0,1
267,91077,tttt1033575,0,1,1,1,0
268,968,tttt0063350,0,1,1,0,1
269,66509,tttt1201167,0,1,0,0,0
270,132046,tttt1964418,0,0,0,0,1
271,91104,tttt1324999,0,0,1,1,0
272,1013,tttt0055277,1,1,1,0,1
273,91128,tttt0376136,0,1,0,0,1
274,115705,tttt0094847,0,0,0,0,1
275,1017,tttt0054357,0,0,1,0,1
276,115708,tttt0088805,0,0,0,0,1
277,1022,tttt0042332,0,1,1,1,1
278,115713,tttt0470752,0,0,0,1,1
279,33794,tttt0372784,0,0,0,0,1
280,1025,tttt0057546,0,0,0,0,1
281,1028,tttt0058331,0,1,0,0,1
282,1027,tttt0102798,0,0,0,0,1
283,74754,tttt0368226,1,1,0,0,1
284,1032,tttt0043274,0,1,0,0,1
285,1033,tttt0082406,1,0,1,1,1
286,1035,tttt0059742,0,0,0,0,1
287,1036,tttt0095016,0,0,0,0,1
288,1037,tttt0104692,0,0,0,0,1
289,41997,tttt0408306,0,0,0,0,1
290,1041,tttt0117589,0,1,0,0,0
291,1046,tttt0115640,0,0,1,1,1
292,82976,tttt0011656,0,1,0,1,1
293,1059,tttt0117509,0,1,0,0,1
294,74789,tttt1014759,0,0,0,1,1
295,1073,tttt0067992,0,1,0,1,1
296,1077,tttt0070707,0,0,0,0,1
297,1078,tttt0066808,0,0,0,0,1
298,1079,tttt0095159,0,1,0,0,1
299,115770,tttt3060492,1,1,0,1,1
300,1084,tttt0061418,0,0,1,0,1
301,1086,tttt0046912,0,1,0,1,1
302,1088,tttt0092890,1,1,1,0,1
303,1089,tttt0105236,0,0,0,0,1
304,1090,tttt0091763,0,0,0,0,1
305,1092,tttt0103772,0,0,0,0,1
306,1093,tttt0101761,0,0,1,0,1
307,33863,tttt0028401,1,0,1,0,1
308,1096,tttt0084707,1,1,0,1,1
309,1097,tttt0083866,0,1,1,1,1
310,1095,tttt0104348,0,0,0,1,1
311,1101,tttt0092099,0,0,0,0,1
312,1103,tttt0048545,0,1,0,0,1
313,1104,tttt0044081,0,1,0,0,1
314,1127,tttt0096754,0,0,0,0,1
315,66665,tttt1176740,0,1,1,1,1
316,1129,tttt0082340,0,0,0,0,1
317,1136,tttt0071853,0,0,1,0,1
318,1148,tttt0108598,0,0,0,1,1
319,25748,tttt0014972,0,1,0,0,1
320,1173,tttt0097108,0,1,0,0,0
321,1178,tttt0050825,0,1,0,0,1
322,1183,tttt0116209,0,0,0,0,1
323,1186,tttt0098724,1,1,0,1,0
324,1188,tttt0105488,0,1,0,1,1
325,74916,tttt1234654,1,1,0,1,1
326,1193,tttt0073486,0,1,0,0,1
327,1196,tttt0080684,0,0,1,0,1
328,1197,tttt0093779,0,1,0,0,1
329,1198,tttt0082971,0,0,0,0,1
330,1199,tttt0088846,0,1,0,0,1
331,1200,tttt0090605,0,0,0,0,1
332,1203,tttt0050083,0,0,0,0,1
333,1204,tttt0056172,0,1,0,0,1
334,1206,tttt0066921,0,1,0,0,1
335,1207,tttt0056592,0,0,1,0,1
336,1208,tttt0078788,0,0,0,0,1
337,1210,tttt0086190,0,0,0,0,1
338,1212,tttt0041959,0,1,0,0,1
339,1214,tttt0078748,0,0,0,0,1
340,58559,tttt0468569,0,0,0,0,1
341,1217,tttt0089881,0,0,0,0,1
342,1219,tttt0054215,0,1,1,1,1
343,1222,tttt0093058,0,0,0,0,1
344,1224,tttt0097499,0,0,0,0,1
345,1225,tttt0086879,0,1,0,0,1
346,1228,tttt0081398,0,0,0,1,1
347,1230,tttt0075686,0,1,0,0,1
348,1231,tttt0086197,0,0,1,1,1
349,1234,tttt0070735,0,0,0,0,1
350,1235,tttt0067185,0,1,0,0,1
351,1236,tttt0103130,1,1,1,1,1
352,42197,tttt0444653,0,0,1,1,1
353,1240,tttt0088247,0,0,0,0,1
354,1242,tttt0097441,0,0,0,0,1
355,1244,tttt0079522,0,0,1,1,1
356,1245,tttt0100150,0,0,0,0,1
357,1246,tttt0097165,0,0,0,0,1
358,1247,tttt0061722,0,1,1,0,1
359,1248,tttt0052311,0,1,0,0,1
360,1250,tttt0050212,0,1,0,0,1
361,1252,tttt0071315,0,1,0,0,1
362,1254,tttt0040897,0,0,1,0,1
363,1256,tttt0023969,0,1,0,0,1
364,1258,tttt0081505,0,0,1,1,1
365,1259,tttt0092005,0,1,0,0,1
366,1261,tttt0092991,0,1,0,0,1
367,1262,tttt0057115,0,0,0,0,1
368,1263,tttt0077416,0,0,1,0,1
369,1265,tttt0107048,1,1,0,0,1
370,1266,tttt0105695,0,0,0,0,1
371,1267,tttt0056218,0,0,0,0,1
372,1269,tttt0036613,0,0,1,1,1
373,1270,tttt0088763,0,1,0,0,1
374,1271,tttt0101921,0,1,0,0,1
375,1272,tttt0066206,0,0,0,0,1
376,1273,tttt0090967,0,0,1,0,1
377,25850,tttt0030241,1,1,1,1,0
378,1275,tttt0091203,0,1,0,0,1
379,1276,tttt0061512,1,0,0,1,1
380,107771,tttt1714915,0,1,0,0,1
381,1278,tttt0072431,0,1,0,0,1
382,1279,tttt0102536,0,1,1,1,1
383,1280,tttt0101640,0,1,0,0,1
384,1281,tttt0032553,0,0,0,0,1
385,1283,tttt0044706,1,0,0,0,1
386,1284,tttt0038355,0,1,1,1,1
387,1285,tttt0097493,0,1,1,0,1
388,115973,tttt3390572,0,0,0,0,1
389,1287,tttt0052618,0,0,0,1,1
390,1288,tttt0088258,0,0,0,0,1
391,1291,tttt0097576,0,0,1,0,1
392,1293,tttt0083987,0,0,0,1,1
393,1299,tttt0087553,0,0,0,0,1
394,1302,tttt0097351,0,1,0,0,1
395,1303,tttt0073341,0,0,0,0,1
396,1304,tttt0064115,1,0,1,0,1
397,1305,tttt0087884,0,0,1,1,1
398,1307,tttt0098635,1,1,0,1,1
399,1327,tttt0078767,0,0,0,0,1
400,1347,tttt0087800,0,1,1,0,1
401,1350,tttt0075005,0,1,0,0,1
402,1354,tttt0115751,0,1,0,0,1
403,1356,tttt0117731,0,0,0,0,1
404,1358,tttt0117666,0,1,0,1,1
405,1370,tttt0099423,0,1,1,0,1
406,1372,tttt0102975,0,0,1,0,1
407,1375,tttt0088170,0,0,0,0,1
408,1374,tttt0084726,0,0,0,0,1
409,1376,tttt0092007,0,0,1,0,1
410,1378,tttt0096487,0,0,1,0,1
411,1380,tttt0077631,1,1,0,0,1
412,1377,tttt0103776,0,0,1,0,1
413,132456,tttt0456144,0,1,0,0,1
414,107883,tttt2350496,0,1,1,0,1
415,91500,tttt1392170,0,0,0,0,1
416,1387,tttt0073195,0,1,0,0,1
417,1393,tttt0116695,1,0,0,1,0
418,1394,tttt0093822,0,1,1,0,1
419,34162,tttt0396269,0,1,1,0,1
420,1396,tttt0105435,0,0,0,0,1
421,1405,tttt0115641,0,0,1,0,1
422,1407,tttt0117571,0,0,1,0,1
423,1411,tttt0116477,0,0,1,0,1
424,91529,tttt1345836,0,0,0,0,1
425,91542,tttt1515091,0,0,0,1,1
426,50601,tttt0398808,1,1,1,1,1
427,116138,tttt2802154,0,1,0,0,1
428,58803,tttt0478087,0,1,0,1,1
429,1464,tttt0116922,0,1,0,0,1
430,1466,tttt0119008,0,1,0,0,1
431,116161,tttt1100089,0,0,0,0,1
432,1483,tttt0115964,1,1,1,0,1
433,50641,tttt0076162,0,1,1,1,0
434,26082,tttt0056058,0,0,0,0,1
435,1517,tttt0118655,0,0,0,0,1
436,1527,tttt0119116,0,0,0,0,1
437,91658,tttt1568346,0,1,0,0,1
438,26122,tttt0058430,0,1,0,0,1
439,67087,tttt1155056,0,1,0,1,1
440,1566,tttt0119282,0,1,0,0,1
441,1573,tttt0119094,0,0,0,0,1
442,1584,tttt0118884,0,0,1,0,1
443,1588,tttt0119190,0,1,1,0,1
444,1610,tttt0099810,0,0,0,0,1
445,99917,tttt2084989,0,0,0,0,1
446,1617,tttt0119488,0,0,0,0,1
447,1620,tttt0119468,0,0,0,0,1
448,1625,tttt0119174,0,1,0,0,1
449,34405,tttt0379786,0,0,0,0,1
450,1639,tttt0118842,1,1,0,0,1
451,1641,tttt0119164,0,1,0,0,0
452,1644,tttt0119345,1,1,1,0,1
453,1645,tttt0118971,0,1,0,0,1
454,1653,tttt0119177,0,0,0,1,1
455,58998,tttt0800039,1,1,1,1,1
456,26231,tttt0066214,0,0,0,0,1
457,67193,tttt1135487,0,1,0,1,1
458,34437,tttt0412019,0,1,0,0,1
459,1673,tttt0118749,1,1,1,0,1
460,1674,tttt0090329,0,1,1,1,1
461,1682,tttt0120382,1,0,1,1,1
462,108190,tttt1840309,0,1,0,0,1
463,1704,tttt0119217,0,1,0,0,1
464,26285,tttt0069945,0,0,0,0,1
465,1719,tttt0120255,0,0,0,0,1
466,1721,tttt0120338,1,1,1,1,1
467,1729,tttt0119396,0,1,0,1,0
468,1732,tttt0118715,0,1,0,0,1
469,1747,tttt0120885,0,0,0,0,1
470,1748,tttt0118929,0,0,0,0,1
471,1754,tttt0119099,0,0,0,0,1
472,100060,tttt1937339,0,1,1,1,1
473,42725,tttt0456554,1,1,1,1,0
474,34534,tttt0430105,0,0,1,0,1
475,42732,tttt0408985,1,1,0,1,1
476,1777,tttt0120888,1,1,1,0,1
477,1784,tttt0119822,1,1,0,0,1
478,91902,tttt1925421,0,1,0,1,1
479,1805,tttt0120890,0,0,0,0,1
480,100159,tttt2023690,1,1,1,0,1
481,1884,tttt0120669,0,0,0,0,1
482,1892,tttt0120787,0,1,0,1,1
483,83827,tttt1391092,0,0,1,0,1
484,1907,tttt0120762,0,0,0,0,1
485,51063,tttt0425601,0,1,0,0,1
486,1921,tttt0138704,0,1,0,0,1
487,1923,tttt0129387,0,1,0,0,0
488,1927,tttt0020629,0,1,0,1,1
489,1939,tttt0036868,0,0,0,0,1
490,100244,tttt1869716,0,0,0,0,1
491,1942,tttt0041113,1,0,1,1,1
492,26519,tttt0087789,1,1,1,1,0
493,1944,tttt0045793,0,0,0,0,1
494,1945,tttt0047296,0,0,0,0,1
495,1946,tttt0048356,0,1,1,1,0
496,1947,tttt0055614,0,1,0,0,1
497,1949,tttt0060665,0,0,0,1,1
498,1950,tttt0061811,0,1,0,0,1
499,26528,tttt0088727,0,0,1,1,1
500,1953,tttt0067116,0,0,0,0,1
501,1954,tttt0075148,0,0,1,0,1
502,1955,tttt0079417,0,1,1,1,1
503,1956,tttt0081283,0,1,0,1,1
504,1952,tttt0064665,0,1,0,0,1
505,1958,tttt0086425,0,1,0,0,1
506,1957,tttt0082158,0,1,0,0,1
507,1959,tttt0089755,0,1,0,0,1
508,1961,tttt0095953,0,1,0,0,1
509,1967,tttt0091369,0,1,0,0,1
510,1968,tttt0088847,0,0,0,1,1
511,59315,tttt0371746,0,0,0,0,1
512,1974,tttt0080761,0,0,1,0,1
513,1982,tttt0077651,0,0,1,0,1
514,1983,tttt0082495,0,0,0,0,1
515,1994,tttt0084516,0,1,1,0,1
516,1997,tttt0070047,1,1,1,0,1
517,2000,tttt0093409,0,1,0,0,1
518,2003,tttt0087363,0,0,0,1,1
519,2011,tttt0096874,0,1,0,0,1
520,2012,tttt0099088,0,1,0,0,1
521,2018,tttt0034492,0,0,0,0,1
522,2019,tttt0047478,0,0,0,0,1
523,2020,tttt0094947,0,1,0,0,1
524,2021,tttt0087182,0,0,0,0,1
525,2022,tttt0095497,0,0,0,0,1
526,59369,tttt0936501,0,1,0,0,1
527,2025,tttt0119558,0,1,0,0,1
528,2028,tttt0120815,0,0,0,0,1
529,59387,tttt0460791,0,1,1,0,1
530,2046,tttt0091059,0,0,1,0,1
531,2048,tttt0091149,0,1,1,0,1
532,2058,tttt0120768,0,0,0,0,1
533,2066,tttt0039689,0,1,0,0,1
534,2067,tttt0059113,0,1,0,0,1
535,2076,tttt0090756,0,1,0,0,1
536,59421,tttt1033643,0,1,0,0,1
537,2080,tttt0048280,0,1,1,1,0
538,2081,tttt0097757,0,1,0,0,1
539,2085,tttt0055254,0,1,0,0,1
540,26662,tttt0097814,1,0,1,0,1
541,2087,tttt0046183,0,0,0,0,1
542,2096,tttt0053285,0,0,1,1,1
543,92210,tttt1572781,0,1,1,0,1
544,51255,tttt0425112,0,1,0,0,1
545,2105,tttt0084827,0,0,0,0,1
546,116797,tttt2084970,0,1,0,0,1
547,2109,tttt0079367,0,1,1,0,1
548,116799,tttt1791528,0,1,0,0,1
549,2115,tttt0087469,0,0,1,0,1
550,2116,tttt0077869,0,0,0,0,1
551,2132,tttt0061184,0,0,0,1,1
552,2133,tttt0092513,0,1,0,0,1
553,2139,tttt0084649,0,1,0,1,1
554,2140,tttt0083791,0,0,0,0,1
555,2143,tttt0089469,0,1,0,0,1
556,2144,tttt0088128,1,1,1,1,0
557,59501,tttt0499448,0,1,0,0,1
558,2160,tttt0063522,0,1,0,0,1
559,2161,tttt0088323,0,1,0,0,1
560,2167,tttt0120611,0,1,0,0,1
561,2174,tttt0094721,0,0,1,1,1
562,2176,tttt0040746,0,0,0,0,1
563,2183,tttt0049470,0,1,1,0,1
564,2186,tttt0044079,0,1,0,0,1
565,2193,tttt0096446,0,0,0,0,1
566,2194,tttt0094226,0,0,0,0,1
567,26776,tttt0104652,0,1,0,0,1
568,2203,tttt0036342,0,1,1,0,0
569,2208,tttt0030341,0,1,0,0,1
570,116905,tttt2981768,0,0,0,0,1
571,84152,tttt1219289,0,1,0,0,1
572,108729,tttt2316411,1,1,1,1,1
573,26810,tttt0106341,0,1,0,0,0
574,51412,tttt0435705,0,0,1,0,1
575,84187,tttt0860906,0,1,0,0,1
576,2268,tttt0104257,0,0,0,0,1
577,2273,tttt0120812,0,0,1,0,1
578,2278,tttt0122690,0,0,0,0,1
579,2288,tttt0084787,0,0,0,0,1
580,2291,tttt0099487,0,1,0,0,1
581,2297,tttt0120889,0,1,1,1,1
582,92420,tttt1706593,1,1,0,0,1
583,2318,tttt0147612,0,1,0,1,1
584,26903,tttt0113824,0,1,0,0,1
585,2329,tttt0120586,0,0,0,0,1
586,133419,tttt2848292,1,1,1,1,0
587,2352,tttt0085244,1,1,1,1,0
588,2353,tttt0120660,0,0,0,0,1
589,2355,tttt0120623,0,0,1,1,1
590,76091,tttt1216496,0,1,0,0,1
591,76093,tttt0892769,0,1,0,0,1
592,2366,tttt0024216,0,0,0,0,1
593,141636,tttt4429128,0,1,1,0,0
594,2393,tttt0120844,0,1,0,0,1
595,2394,tttt0120794,0,0,0,1,1
596,2395,tttt0128445,0,1,0,0,1
597,2396,tttt0138097,0,0,0,0,1
598,92509,tttt1606389,0,1,1,1,0
599,92507,tttt1599348,0,0,0,0,1
600,2401,tttt0089767,0,0,0,0,1
601,2403,tttt0083944,0,1,0,0,1
602,2407,tttt0088933,0,0,1,1,1
603,100714,tttt2209418,1,1,1,1,1
604,2413,tttt0088930,0,0,1,0,1
605,2420,tttt0087538,0,0,0,0,1
606,2423,tttt0097958,1,1,0,1,0
607,2424,tttt0128853,0,0,1,1,1
608,2427,tttt0120863,0,0,0,0,1
609,43396,tttt0412080,1,0,1,1,1
610,59784,tttt0441773,0,0,0,0,1
611,108949,tttt2172985,0,0,0,0,1
612,84374,tttt1411238,1,1,1,1,1
613,27032,tttt0127357,0,0,0,0,1
614,2459,tttt0072271,0,1,1,0,1
615,67997,tttt1226774,0,0,0,1,1
616,2470,tttt0090555,0,1,0,0,1
617,84392,tttt1189340,0,0,0,0,1
618,117176,tttt2980516,0,0,0,1,1
619,2490,tttt0120784,0,1,0,0,1
620,2501,tttt0132477,0,1,0,1,1
621,2502,tttt0151804,0,1,0,0,0
622,51662,tttt0416449,0,0,0,0,1
623,76251,tttt1250777,0,0,0,0,1
624,2528,tttt0074812,0,0,0,0,1
625,2529,tttt0063442,0,0,0,0,1
626,92643,tttt2011971,0,1,0,0,1
627,68073,tttt1131729,0,0,1,0,1
628,2542,tttt0120735,0,0,0,0,1
629,2571,tttt0133093,0,1,0,0,1
630,2572,tttt0147800,0,1,0,1,1
631,2599,tttt0126886,1,1,0,1,1
632,2617,tttt0120616,0,0,0,0,1
633,2618,tttt0118826,0,0,0,1,1
634,68157,tttt0361748,0,1,0,0,1
635,2640,tttt0078346,0,0,0,0,1
636,2641,tttt0081573,0,0,1,0,1
637,2648,tttt0021884,0,0,0,0,1
638,2657,tttt0073629,0,1,0,0,1
639,68194,tttt1226271,0,0,0,1,1
640,2664,tttt0049366,0,1,0,0,1
641,2671,tttt0125439,0,1,1,1,1
642,84601,tttt1401152,0,1,0,0,1
643,2686,tttt0120802,0,1,0,0,1
644,2687,tttt0120855,0,0,0,0,1
645,2690,tttt0122541,0,1,1,1,0
646,60040,tttt0800080,0,0,0,0,1
647,2700,tttt0158983,0,1,0,0,1
648,68237,tttt1182345,0,0,0,1,1
649,2706,tttt0163651,1,1,0,1,1
650,2710,tttt0185937,0,0,1,0,1
651,2712,tttt0120663,0,1,0,1,1
652,2716,tttt0087332,0,0,0,0,1
653,2717,tttt0097428,0,0,1,0,1
654,2726,tttt0049406,0,1,0,0,1
655,2728,tttt0054331,0,0,0,0,1
656,60072,tttt0493464,0,1,0,0,1
657,2730,tttt0072684,0,0,0,0,1
658,68269,tttt0962736,0,0,1,1,1
659,27317,tttt0235198,0,1,0,0,1
660,2745,tttt0091530,0,0,0,0,1
661,2750,tttt0093818,0,0,1,0,1
662,2761,tttt0129167,0,1,0,0,1
663,2762,tttt0167404,1,1,0,0,1
664,2763,tttt0155267,0,1,1,1,1
665,51931,tttt0490204,1,0,1,1,1
666,60126,tttt0425061,0,0,1,0,1
667,51935,tttt0822854,0,0,0,0,1
668,2791,tttt0080339,0,0,1,0,1
669,84716,tttt1499666,0,1,1,1,1
670,2797,tttt0094737,0,1,1,1,1
671,2803,tttt0107798,0,0,0,1,1
672,2804,tttt0085334,0,0,1,0,1
673,117504,tttt0087096,0,1,0,1,0
674,117506,tttt0072860,0,0,1,1,1
675,2819,tttt0073802,0,0,1,0,1
676,68358,tttt0796366,0,0,0,0,1
677,117517,tttt3093546,1,0,1,1,1
678,84772,tttt1092026,0,1,0,0,1
679,2858,tttt0169547,0,1,0,0,0
680,2857,tttt0063823,0,0,0,0,1
681,2867,tttt0089175,0,1,0,0,1
682,2871,tttt0068473,0,0,1,0,1
683,2872,tttt0082348,0,0,0,0,1
684,109374,tttt2278388,0,1,0,0,1
685,2881,tttt0150377,1,0,0,0,1
686,2905,tttt0056443,0,0,0,0,1
687,2908,tttt0171804,1,1,0,0,1
688,2916,tttt0100802,0,0,1,0,1
689,2917,tttt0082089,0,1,0,0,1
690,2918,tttt0091042,0,0,1,1,1
691,2921,tttt0068699,0,0,0,0,1
692,2927,tttt0037558,0,1,0,1,1
693,2932,tttt0077405,0,1,0,0,1
694,2936,tttt0034240,0,1,0,1,1
695,2940,tttt0038559,0,0,0,0,1
696,27518,tttt0292490,0,1,1,0,0
697,2944,tttt0061578,0,0,0,0,1
698,2947,tttt0058150,0,0,0,0,1
699,2959,tttt0137523,0,0,0,0,1
700,2966,tttt0166896,0,1,0,1,1
701,2968,tttt0081633,0,0,1,0,1
702,2973,tttt0097123,0,1,0,1,1
703,2985,tttt0093870,0,0,0,0,1
704,2987,tttt0096438,0,0,0,0,1
705,2989,tttt0082398,0,0,0,0,1
706,109487,tttt0816692,0,0,0,0,1
707,2990,tttt0097742,0,0,0,0,1
708,2996,tttt0166943,0,1,0,0,1
709,2997,tttt0120601,0,1,0,0,1
710,3000,tttt0119698,0,1,0,0,1
711,3005,tttt0145681,0,0,1,0,1
712,3006,tttt0140352,0,1,0,0,1
713,3016,tttt0083767,0,0,0,0,1
714,68554,tttt0808151,0,0,0,0,1
715,3020,tttt0106856,0,1,0,1,1
716,3022,tttt0017925,1,0,1,1,1
717,84944,tttt1192628,0,1,0,0,1
718,3030,tttt0055630,0,1,0,0,1
719,84952,tttt1590089,0,0,0,0,0
720,3033,tttt0094012,0,0,0,0,1
721,3035,tttt0048380,0,0,0,1,1
722,3039,tttt0086465,0,0,0,0,1
723,3052,tttt0120655,0,1,0,0,1
724,60397,tttt0795421,1,1,1,0,1
725,134130,tttt3659388,0,0,0,0,1
726,44022,tttt0438097,0,0,0,0,1
727,3072,tttt0093565,1,1,0,1,1
728,3081,tttt0162661,0,1,0,0,1
729,109578,tttt2024469,0,1,0,0,1
730,109580,tttt1951216,0,0,0,1,1
731,3087,tttt0096061,1,1,1,1,1
732,3088,tttt0042546,0,1,0,0,1
733,3091,tttt0080979,0,1,0,0,1
734,52245,tttt0445934,0,0,1,0,1
735,3095,tttt0032551,0,0,1,0,1
736,3097,tttt0033045,0,1,0,1,0
737,3100,tttt0105265,1,0,0,1,0
738,3105,tttt0099077,0,1,0,1,1
739,3111,tttt0087921,1,1,0,1,1
740,3114,tttt0120363,1,1,0,0,1
741,27706,tttt0339291,0,1,1,1,1
742,109629,tttt1999987,0,1,0,1,0
743,52287,tttt0396555,0,1,1,1,1
744,27721,tttt0344510,0,0,0,0,1
745,3147,tttt0120689,0,1,0,0,1
746,3152,tttt0067328,1,1,0,1,1
747,27731,tttt0347618,0,0,1,0,1
748,3156,tttt0182789,0,1,0,1,1
749,3155,tttt0166485,0,0,0,0,1
750,93270,tttt1636826,0,0,1,0,1
751,3160,tttt0175880,0,1,0,0,1
752,27741,tttt0351817,0,1,0,1,1
753,3175,tttt0177789,0,0,1,0,1
754,52328,tttt0448134,0,0,0,0,1
755,3176,tttt0134119,1,1,0,0,1
756,3178,tttt0174856,0,0,0,0,1
757,117867,tttt2614684,0,0,0,0,1
758,3181,tttt0120866,0,0,0,0,1
759,3196,tttt0046359,0,0,0,0,1
760,3198,tttt0070511,0,1,1,0,1
761,3201,tttt0065724,0,0,1,1,1
762,3210,tttt0083929,1,0,0,1,1
763,27798,tttt0367913,0,0,0,0,1
764,3224,tttt0058625,0,0,0,1,1
765,44195,tttt0427944,0,1,0,1,1
766,44199,tttt0454848,0,0,0,1,1
767,109740,tttt2910274,1,1,0,1,0
768,27821,tttt0373926,0,1,1,1,1
769,3246,tttt0104797,0,0,1,1,1
770,3252,tttt0105323,1,0,0,1,1
771,27831,tttt0375912,0,0,0,0,1
772,3256,tttt0105112,1,0,1,1,1
773,3255,tttt0104694,0,0,0,1,0
774,27834,tttt0376968,0,1,0,1,1
775,3262,tttt0105665,0,1,0,0,1
776,3265,tttt0104684,0,0,0,0,1
777,3266,tttt0103905,0,0,0,1,1
778,3275,tttt0144117,0,0,1,1,1
779,3289,tttt0209189,0,1,0,1,0
780,3300,tttt0134847,0,0,0,0,1
781,3301,tttt0190138,1,1,0,0,1
782,3307,tttt0021749,0,0,0,0,1
783,3310,tttt0012349,0,1,1,1,1
784,27904,tttt0405296,0,0,0,0,1
785,126219,tttt0026683,0,1,0,0,0
786,60684,tttt0409459,0,1,0,0,1
787,85259,tttt0061199,0,0,0,0,1
788,3360,tttt0091217,0,0,1,0,1
789,3361,tttt0094812,0,0,0,0,1
790,3362,tttt0072890,0,0,0,0,1
791,3363,tttt0069704,1,0,0,0,1
792,3364,tttt0042208,0,0,1,1,1
793,3365,tttt0049730,1,1,1,0,1
794,126245,tttt0097843,0,0,1,0,1
795,109864,tttt2771372,0,0,1,0,1
796,3386,tttt0102138,0,0,0,0,1
797,3396,tttt0079588,0,0,0,0,1
798,93510,tttt1232829,0,0,0,0,1
799,3408,tttt0195685,0,1,0,0,1
800,68954,tttt1049413,0,1,0,0,1
801,3424,tttt0097216,0,0,0,0,1
802,3435,tttt0036775,0,1,0,0,1
803,3441,tttt0087985,0,0,0,0,1
804,3444,tttt0092675,0,0,0,0,1
805,85367,tttt1564367,1,1,1,1,1
806,3448,tttt0093105,0,0,0,0,1
807,52604,tttt0488120,0,0,0,0,1
808,3462,tttt0027977,0,1,0,1,1
809,3467,tttt0057163,0,1,1,0,1
810,3468,tttt0054997,0,1,0,0,1
811,3469,tttt0053946,0,0,0,0,1
812,3470,tttt0071411,0,0,0,0,1
813,3471,tttt0075860,0,0,0,0,1
814,3476,tttt0099871,0,0,0,0,1
815,3479,tttt0089457,0,1,0,0,1
816,3481,tttt0146882,0,1,0,0,1
817,3489,tttt0102057,0,1,0,0,1
818,3494,tttt0065126,0,0,0,0,1
819,85414,tttt0945513,1,0,1,1,1
820,3498,tttt0077928,0,1,0,0,1
821,3499,tttt0100157,0,1,0,1,1
822,3504,tttt0074958,0,0,0,0,1
823,3508,tttt0075029,0,0,0,0,1
824,3510,tttt0186151,0,0,0,0,1
825,3513,tttt0160797,0,0,0,1,1
826,3516,tttt0051406,0,1,0,0,1
827,85438,tttt1229822,0,1,0,0,1
828,3526,tttt0098067,1,1,0,1,0
829,3527,tttt0093773,0,0,0,0,1
830,3545,tttt0068327,0,1,0,1,1
831,3551,tttt0074860,0,1,1,0,1
832,3556,tttt0159097,1,0,1,1,0
833,3559,tttt0044837,0,0,0,1,1
834,101864,tttt1483013,0,0,0,0,1
835,3578,tttt0172495,0,0,0,0,1
836,69122,tttt1119646,0,1,1,0,1
837,101895,tttt0453562,0,0,0,0,1
838,3591,tttt0085970,1,0,1,1,0
839,110102,tttt1843866,0,0,0,0,1
840,60950,tttt0497465,0,1,1,0,1
841,3608,tttt0089791,0,1,0,0,1
842,3617,tttt0215129,1,1,1,1,1
843,3629,tttt0015864,0,0,0,0,1
844,3634,tttt0058576,0,0,0,0,1
845,3635,tttt0076752,0,0,0,0,1
846,3654,tttt0054953,0,0,0,0,1
847,3671,tttt0071230,0,0,0,0,1
848,3675,tttt0047673,1,0,1,1,1
849,61024,tttt0910936,0,1,1,0,1
850,3683,tttt0086979,1,1,0,0,1
851,3698,tttt0093894,0,0,0,0,1
852,3702,tttt0079501,0,0,0,0,1
853,44665,tttt0425210,0,0,0,0,1
854,3706,tttt0092563,0,1,0,0,1
855,3730,tttt0071360,0,0,0,1,1
856,52885,tttt0851578,0,0,0,0,1
857,3735,tttt0070666,0,0,1,1,1
858,3736,tttt0043338,1,0,0,1,1
859,3740,tttt0090728,0,0,0,0,1
860,36517,tttt0387131,0,0,1,1,1
861,3751,tttt0120630,0,0,0,0,1
862,3753,tttt0187393,0,0,0,0,1
863,3755,tttt0177971,0,0,1,1,1
864,36525,tttt0425123,0,1,0,0,1
865,36529,tttt0399295,0,1,0,0,1
866,36537,tttt0318761,1,1,1,0,1
867,52929,tttt0471030,0,1,0,0,1
868,134853,tttt2096673,0,1,0,0,1
869,61132,tttt0942385,0,1,0,0,1
870,3801,tttt0052561,0,1,0,1,1
871,134881,tttt0903657,0,0,0,0,1
872,3814,tttt0073312,0,1,0,0,1
873,61160,tttt1185834,0,0,0,0,1
874,102123,tttt1245492,1,1,0,0,1
875,102125,tttt1300854,0,0,0,0,1
876,52973,tttt0478311,1,0,0,1,1
877,77561,tttt1228705,0,0,0,0,1
878,85763,tttt1418646,0,0,1,0,1
879,3868,tttt0095705,0,0,0,0,1
880,3871,tttt0046303,0,0,1,0,1
881,69406,tttt1041829,0,1,1,1,0
882,3882,tttt0204946,0,1,0,0,0
883,102194,tttt1935179,0,0,1,0,1
884,61236,tttt1185616,0,1,0,0,1
885,3897,tttt0181875,0,1,1,1,1
886,3911,tttt0218839,0,0,0,0,1
887,3916,tttt0210945,0,0,0,0,1
888,3918,tttt0095294,0,0,0,0,1
889,3925,tttt0088184,0,1,1,0,1
890,3929,tttt0032234,0,1,0,1,1
891,3949,tttt0180093,0,1,0,0,1
892,94070,tttt1412386,0,1,0,0,1
893,3967,tttt0249462,0,1,0,0,1
894,3969,tttt0223897,1,1,0,0,1
895,53125,tttt0449088,0,0,1,0,1
896,3979,tttt0185431,0,0,0,0,1
897,3980,tttt0203019,0,1,0,0,1
898,61323,tttt0887883,1,1,1,1,1
899,69516,tttt1135092,0,0,0,0,1
900,3986,tttt0216216,0,0,0,0,1
901,3994,tttt0217869,0,0,0,0,1
902,3996,tttt0190332,0,1,0,0,1
903,4002,tttt0093748,0,1,0,1,1
904,4006,tttt0092106,0,0,0,0,1
905,4011,tttt0208092,0,1,0,0,1
906,118700,tttt1020072,0,0,1,1,1
907,4014,tttt0241303,0,1,0,1,1
908,4018,tttt0207201,1,0,0,0,1
909,4019,tttt0181536,1,0,1,0,1
910,118706,tttt2261331,0,0,1,1,1
911,4025,tttt0212346,1,0,1,1,1
912,4034,tttt0181865,0,0,0,0,1
913,94150,tttt1435513,0,0,0,1,1
914,110553,tttt1872181,0,0,0,0,1
915,69604,tttt1178663,0,0,0,0,1
916,4069,tttt0209475,1,1,1,1,1
917,77800,tttt1341167,0,0,0,0,1
918,110586,tttt2234003,0,1,0,0,1
919,4105,tttt0083907,1,1,1,0,1
920,69644,tttt1080016,1,0,1,1,1
921,45081,tttt0384537,0,1,0,0,1
922,102445,tttt1408101,0,0,0,0,1
923,4144,tttt0118694,0,0,0,1,1
924,110655,tttt2357291,0,1,0,0,1
925,69712,tttt1078588,0,1,0,0,1
926,4183,tttt0100842,0,1,0,1,1
927,4187,tttt0057251,0,0,0,1,1
928,118896,tttt3612616,0,0,0,0,1
929,4223,tttt0215750,0,0,0,0,1
930,4226,tttt0209144,0,0,0,1,1
931,45186,tttt0317919,0,0,0,0,1
932,110730,tttt2209764,0,1,0,0,1
933,4239,tttt0221027,0,0,1,1,1
934,4246,tttt0243155,1,1,0,1,1
935,45210,tttt0475276,0,0,1,1,1
936,4262,tttt0086250,0,1,0,0,1
937,86190,tttt0993842,1,1,1,1,1
938,102588,tttt2366450,0,1,1,0,1
939,4296,tttt0066011,0,1,0,0,1
940,4299,tttt0183790,0,0,0,0,1
941,4306,tttt0126029,1,1,0,0,1
942,69844,tttt0417741,0,1,0,0,1
943,53460,tttt0423294,1,0,1,0,1
944,4308,tttt0203009,0,1,0,0,1
945,78039,tttt1120985,0,1,0,1,0
946,4310,tttt0213149,0,1,0,0,1
947,127192,tttt3859304,0,0,1,1,1
948,127198,tttt3850214,0,1,0,0,1
949,4321,tttt0101587,1,0,0,0,1
950,4327,tttt0054047,0,0,0,0,1
951,4329,tttt0053221,0,0,0,0,1
952,4366,tttt0230011,0,0,1,0,1
953,94478,tttt1077368,0,1,0,0,1
954,86298,tttt1436562,0,0,1,0,1
955,4387,tttt0271027,0,1,0,0,1
956,4406,tttt0056217,0,0,0,0,1
957,86332,tttt0800369,0,0,0,0,1
958,102716,tttt1905041,0,0,1,0,1
959,69951,tttt1054606,0,1,0,0,1
960,4426,tttt0048261,0,0,0,0,1
961,4427,tttt0063227,0,0,0,1,1
962,4432,tttt0051036,1,0,0,1,1
963,4446,tttt0173840,0,0,0,0,1
964,4447,tttt0250494,1,0,0,0,0
965,4448,tttt0227445,0,0,0,0,1
966,119145,tttt2802144,0,1,0,0,1
967,45431,tttt0327084,0,1,0,0,1
968,78209,tttt1226229,1,1,0,0,1
969,135567,tttt1628841,0,0,0,0,1
970,102800,tttt2347569,1,1,0,0,0
971,4545,tttt0091949,0,0,0,0,1
972,45517,tttt0317219,0,0,0,0,1
973,4571,tttt0096928,0,0,0,0,1
974,78316,tttt0892318,0,1,0,0,1
975,102903,tttt1670345,0,1,0,0,1
976,4641,tttt0162346,0,1,0,0,1
977,4649,tttt0243655,1,0,1,1,1
978,94777,tttt1409024,0,1,0,0,1
979,127565,tttt2366608,0,1,0,1,1
980,86628,tttt1416801,0,1,0,0,1
981,45668,tttt0410297,1,1,1,1,1
982,4718,tttt0252866,0,0,1,0,1
983,4720,tttt0230600,0,1,1,1,1
984,86644,tttt1596343,0,1,1,0,1
985,103042,tttt0770828,0,0,0,0,1
986,78469,tttt0429493,0,0,0,0,1
987,70286,tttt1136608,0,0,0,0,1
988,94864,tttt1446714,0,0,0,0,1
989,111249,tttt2404181,0,0,0,0,1
990,45720,tttt0458352,0,1,0,1,1
991,45722,tttt0383574,0,0,0,0,1
992,78499,tttt0435761,1,1,1,0,1
993,4776,tttt0139654,0,1,0,0,1
994,62155,tttt0981227,0,1,0,1,1
995,4816,tttt0196229,0,1,0,0,1
996,53972,tttt0337978,0,0,1,0,1
997,4823,tttt0240890,0,1,0,0,1
998,103141,tttt1453405,0,1,0,0,1
999,53996,tttt0418279,0,0,0,0,1
1000,78574,tttt1399683,0,1,0,0,1
1001,94959,tttt1748122,0,1,1,0,1
1002,4848,tttt0166924,0,1,1,0,0
1003,54001,tttt0373889,0,1,0,0,1
1004,4855,tttt0066999,0,0,0,0,1
1005,94969,tttt1821480,0,1,1,1,1
1006,4857,tttt0067093,0,1,0,0,1
1007,86781,tttt1255953,0,1,1,0,1
1008,111362,tttt1877832,0,0,0,0,1
1009,4866,tttt0272020,0,0,0,0,1
1010,111364,tttt0831387,0,0,0,0,1
1011,4878,tttt0246578,1,1,1,1,1
1012,4880,tttt0264796,0,1,0,0,1
1013,4886,tttt0198781,0,0,0,0,1
1014,111384,tttt2359024,0,1,0,0,1
1015,86815,tttt1596346,0,1,1,1,1
1016,4896,tttt0241527,0,0,0,0,1
1017,4901,tttt0266987,0,0,1,1,1
1018,78637,tttt0892791,0,0,0,0,1
1019,86833,tttt1478338,0,1,0,1,0
1020,4920,tttt0035140,1,1,1,1,1
1021,4927,tttt0076299,0,0,0,0,1
1022,103253,tttt1535108,0,1,0,0,1
1023,86880,tttt1298650,0,0,0,0,1
1024,37729,tttt0121164,0,1,0,0,1
1025,86882,tttt1605783,0,1,0,0,1
1026,4963,tttt0240772,0,0,0,0,1
1027,37733,tttt0399146,0,1,1,1,1
1028,4966,tttt0050539,0,0,1,1,1
1029,86892,tttt1527788,0,1,1,1,1
1030,37741,tttt0379725,0,1,0,0,1
1031,4975,tttt0259711,0,1,0,1,1
1032,86898,tttt0478304,0,1,0,1,1
1033,4979,tttt0265666,0,1,1,0,1
1034,4993,tttt0120737,0,0,0,0,1
1035,95105,tttt1277953,0,1,1,0,1
1036,4995,tttt0268978,0,1,0,0,1
1037,70533,tttt0923811,0,0,1,0,1
1038,5004,tttt0063415,0,1,0,0,1
1039,70541,tttt0048757,0,1,0,0,0
1040,5008,tttt0051201,0,1,0,0,1
1041,5010,tttt0265086,0,0,1,0,1
1042,103335,tttt1690953,0,0,1,0,1
1043,103339,tttt2334879,0,0,1,0,1
1044,103341,tttt1213663,0,1,0,0,1
1045,78772,tttt1325004,1,1,1,1,1
1046,5049,tttt0083511,0,0,0,0,1
1047,95167,tttt1217209,0,1,0,0,1
1048,5064,tttt0245844,0,1,0,0,1
1049,5066,tttt0281358,1,1,1,0,1
1050,127974,tttt2290065,0,0,0,1,1
1051,5103,tttt0108037,0,0,0,1,1
1052,54256,tttt0787475,1,0,0,0,1
1053,5105,tttt0069995,0,1,1,1,1
1054,54259,tttt0486655,0,1,0,0,1
1055,5108,tttt0251160,0,1,0,0,1
1056,5110,tttt0247745,0,0,1,0,1
1057,5120,tttt0069281,0,0,1,0,1
1058,111617,tttt1086772,1,1,1,1,1
1059,54286,tttt0440963,0,0,0,0,1
1060,5152,tttt0277434,0,0,0,0,1
1061,111659,tttt1587310,0,1,0,0,1
1062,5187,tttt0080889,0,0,0,0,1
1063,95309,tttt1307068,1,0,0,0,1
1064,5218,tttt0268380,0,0,1,0,1
1065,5247,tttt0076729,0,0,0,0,1
1066,111743,tttt2557490,0,0,1,0,1
1067,111759,tttt1631867,0,0,0,0,1
1068,38038,tttt0312004,0,1,0,0,1
1069,5283,tttt0283111,0,1,0,0,1
1070,5291,tttt0042876,0,1,0,0,1
1071,38061,tttt0373469,0,1,0,0,1
1072,5299,tttt0259446,1,1,0,0,1
1073,87222,tttt1302011,0,0,0,0,1
1074,87232,tttt1270798,0,1,0,0,1
1075,103624,tttt2334649,1,0,1,1,1
1076,5349,tttt0145487,0,1,1,0,1
1077,54503,tttt0829482,1,1,1,0,1
1078,103659,tttt2820466,0,0,1,0,1
1079,79091,tttt1323594,0,0,0,0,1
1080,5377,tttt0276751,1,1,0,1,1
1081,5388,tttt0278504,0,0,0,0,1
1082,5400,tttt0164184,0,0,0,0,1
1083,79132,tttt1375666,0,0,0,0,1
1084,5418,tttt0258463,0,0,0,0,1
1085,5421,tttt0238924,0,0,1,0,1
1086,136495,tttt1327035,0,1,1,0,1
1087,111921,tttt2582846,0,1,0,0,1
1088,111924,tttt2319580,0,0,0,1,1
1089,5444,tttt0275847,0,0,0,0,1
1090,95558,tttt2125435,0,0,0,1,1
1091,120138,tttt2338151,0,1,0,0,1
1092,95567,tttt1716777,1,1,0,1,1
1093,79185,tttt1013743,0,0,0,0,1
1094,5464,tttt0257044,0,0,0,0,1
1095,103772,tttt1430132,0,1,0,0,1
1096,5481,tttt0295178,0,0,0,0,1
1097,5498,tttt0058888,0,1,1,1,1
1098,5500,tttt0088286,0,0,0,0,1
1099,5502,tttt0286106,0,0,1,1,1
1100,103810,tttt1821694,0,0,0,0,1
1101,79242,tttt0842926,1,1,1,1,0
1102,5541,tttt0102059,0,0,0,0,1
1103,95654,tttt0131409,0,1,0,0,0
1104,79293,tttt0944835,0,0,0,0,1
1105,112070,tttt2172584,0,1,0,0,1
1106,5574,tttt0293662,0,1,0,0,1
1107,5577,tttt0280760,1,1,0,0,1
1108,5618,tttt0245429,0,1,0,0,1
1109,46578,tttt0449059,0,0,1,1,1
1110,5620,tttt0256415,0,1,1,1,1
1111,79357,tttt0485947,0,1,0,1,1
1112,5630,tttt0289765,0,1,1,0,1
1113,128520,tttt0884732,0,1,0,0,1
1114,112138,tttt2294449,1,1,1,0,1
1115,5666,tttt0292644,1,0,0,0,1
1116,5673,tttt0272338,1,1,0,1,1
1117,112171,tttt0455944,0,0,0,0,1
1118,103980,tttt2334873,0,1,0,1,0
1119,112175,tttt1646971,0,0,0,0,1
1120,5679,tttt0298130,1,1,1,0,1
1121,112183,tttt2562232,0,1,1,0,1
1122,5690,tttt0095327,0,1,0,0,0
1123,71264,tttt0844471,0,0,0,0,1
1124,63082,tttt1010048,0,1,0,0,0
1125,95856,tttt0097674,0,1,1,0,1
1126,95873,tttt1839492,0,1,0,0,1
1127,95875,tttt1386703,0,0,0,0,1
1128,63113,tttt0830515,0,0,0,0,1
1129,120466,tttt1823672,0,0,0,0,1
1130,104089,tttt2007360,0,0,0,0,0
1131,63131,tttt0430922,0,0,1,1,1
1132,112290,tttt1065073,1,0,1,1,1
1133,5816,tttt0295297,0,0,0,0,1
1134,112316,tttt1742044,0,0,1,1,1
1135,79553,tttt1386932,0,0,0,0,1
1136,95939,tttt1924394,0,0,0,1,1
1137,54997,tttt0381849,0,1,0,0,1
1138,55052,tttt0783233,0,1,0,1,1
1139,5902,tttt0268126,0,1,0,0,1
1140,5903,tttt0238380,0,0,0,0,1
1141,104211,tttt1723121,0,1,0,0,1
1142,112421,tttt1605717,1,1,1,0,1
1143,71464,tttt1019452,0,1,0,0,1
1144,104241,tttt1650554,0,1,0,0,1
1145,104243,tttt1411250,0,0,0,0,1
1146,5945,tttt0257360,0,1,0,1,0
1147,55098,tttt0405508,0,0,1,0,1
1148,5952,tttt0167261,0,1,0,0,1
1149,5954,tttt0307901,1,0,0,1,1
1150,55118,tttt0765443,0,1,1,0,1
1151,96079,tttt1074638,0,0,0,0,1
1152,5970,tttt0102492,0,1,0,1,0
1153,5971,tttt0096283,0,1,0,0,1
1154,79702,tttt0446029,1,1,1,0,1
1155,104283,tttt2013293,0,1,0,0,1
1156,5989,tttt0264464,0,1,0,1,1
1157,5991,tttt0299658,0,1,0,0,1
1158,79720,tttt1313092,1,1,0,0,1
1159,71530,tttt0986263,0,0,0,0,1
1160,5995,tttt0253474,0,1,0,0,1
1161,46976,tttt0420223,0,1,0,1,1
1162,112552,tttt2582802,0,0,0,0,1
1163,112556,tttt2267998,0,1,0,1,1
1164,104374,tttt2194499,1,1,1,1,1
1165,55232,tttt0432021,0,0,1,0,1
1166,55247,tttt0758758,0,1,1,1,1
1167,55253,tttt0808357,0,1,0,0,1
1168,120799,tttt1340138,0,0,0,0,1
1169,38886,tttt0367089,0,0,0,0,1
1170,55276,tttt0465538,0,1,0,1,1
1171,112623,tttt2103281,0,0,0,0,1
1172,1218,tttt0097202,0,1,1,0,1
1173,30707,tttt0405159,0,0,0,1,1
1174,55290,tttt0452623,0,1,0,0,1
1175,47099,tttt0454921,0,1,0,1,1
1176,30749,tttt0395169,0,0,1,0,1
1177,6187,tttt0289992,0,0,1,1,1
1178,88125,tttt1201607,0,1,0,0,1
1179,88129,tttt0780504,0,1,0,0,1
1180,55363,tttt0443680,0,0,0,0,1
1181,104520,tttt0215685,0,0,0,1,1
1182,30793,tttt0367594,0,1,1,0,1
1183,6218,tttt0286499,0,1,1,1,0
1184,88140,tttt0458339,0,0,0,0,1
1185,30810,tttt0362270,1,1,1,0,1
1186,30812,tttt0338751,0,1,1,1,1
1187,30816,tttt0293508,0,1,0,0,1
1188,88163,tttt1570728,1,1,0,1,0
1189,112749,tttt2465146,0,0,0,0,1
1190,88179,tttt1563738,1,1,1,1,1
1191,96373,tttt1441940,0,1,0,0,1
1192,6273,tttt0042593,0,0,0,0,1
1193,55442,tttt0808417,0,1,0,0,1
1194,6297,tttt0311289,0,1,0,0,1
1195,6301,tttt0067800,0,1,0,0,1
1196,71838,tttt1197624,0,0,0,0,1
1197,96417,tttt1547234,0,0,0,0,1
1198,96432,tttt1212450,0,0,0,0,1
1199,6323,tttt0309698,0,0,1,0,1
1200,6350,tttt0092067,0,1,0,0,1
1201,112852,tttt2015381,0,1,0,0,1
1202,71899,tttt0978762,0,1,0,1,1
1203,6365,tttt0234215,0,0,0,0,1
1204,6373,tttt0315327,0,0,0,0,1
1205,6377,tttt0266543,0,0,0,0,1
1206,6378,tttt0317740,0,0,0,0,1
1207,112897,tttt2333784,0,0,0,0,1
1208,1274,tttt0094625,0,1,0,0,1
1209,121103,tttt1702443,1,0,1,1,1
1210,39183,tttt0388795,0,0,0,0,1
1211,47382,tttt0462590,1,1,1,0,1
1212,80166,tttt0889573,0,1,0,0,1
1213,6440,tttt0101410,0,0,0,0,1
1214,112940,tttt1972571,0,1,0,0,1
1215,47404,tttt0452039,0,0,0,0,1
1216,6460,tttt0057427,0,1,0,0,1
1217,6461,tttt0054428,0,0,1,0,1
1218,129354,tttt2381941,0,0,0,0,1
1219,72011,tttt1193138,1,1,1,0,1
1220,96588,tttt1981677,0,0,1,0,1
1221,88405,tttt1632708,1,1,0,0,1
1222,96610,tttt1276104,0,0,0,0,1
1223,6502,tttt0289043,0,0,0,0,1
1224,63859,tttt0397892,0,1,0,0,1
1225,63876,tttt1013753,0,0,0,0,1
1226,104841,tttt1454468,0,0,1,1,1
1227,6539,tttt0325980,0,1,0,0,1
1228,6537,tttt0181852,0,0,0,1,1
1229,6565,tttt0329575,0,0,0,0,1
1230,104879,tttt1392214,0,1,0,0,1
1231,6579,tttt0055256,1,1,0,0,1
1232,6586,tttt0328828,0,1,1,1,1
1233,104913,tttt1979320,0,0,1,1,1
1234,55765,tttt0765429,0,0,0,0,1
1235,6615,tttt0329101,0,1,0,0,1
1236,96728,tttt1560747,0,1,0,0,1
1237,96737,tttt1343727,0,0,0,0,1
1238,6636,tttt0090103,1,1,1,1,0
1239,104944,tttt2370248,0,1,1,0,1
1240,6643,tttt0046438,0,1,0,1,1
1241,31225,tttt0393162,0,0,0,1,0
1242,47610,tttt0443543,0,0,1,0,1
1243,6650,tttt0041546,0,1,0,0,1
1244,55805,tttt0292963,0,1,0,0,1
1245,6659,tttt0100814,0,0,0,0,1
1246,55814,tttt0401383,0,0,0,0,1
1247,6662,tttt0057413,0,0,1,0,1
1248,55820,tttt0477348,0,1,0,0,1
1249,6669,tttt0044741,0,1,0,1,0
1250,47629,tttt0436697,0,0,1,0,1
1251,39446,tttt0432348,0,1,0,0,1
1252,64034,tttt0914798,0,1,1,1,1
1253,72226,tttt0432283,0,0,0,0,1
1254,96811,tttt1855199,0,0,1,1,1
1255,6708,tttt0325805,0,1,1,0,1
1256,96821,tttt1659337,1,1,1,1,1
1257,6711,tttt0335266,0,1,0,0,1
1258,55872,tttt0426931,0,0,0,0,1
1259,6724,tttt0070510,0,1,0,0,1
1260,80463,tttt1285016,0,1,0,0,1
1261,113240,tttt2758880,0,1,0,1,0
1262,6754,tttt0320691,0,0,0,0,1
1263,80489,tttt0840361,0,1,1,0,1
1264,6774,tttt0086541,0,0,1,0,1
1265,6777,tttt0055031,0,0,0,0,1
1266,113275,tttt2980648,0,1,0,0,1
1267,6787,tttt0074119,0,0,0,0,1
1268,72330,tttt1134629,0,1,1,1,1
1269,6808,tttt0065207,0,0,0,0,1
1270,80549,tttt1282140,1,1,0,0,0
1271,88744,tttt1318514,0,1,0,0,1
1272,31420,tttt0398712,0,0,1,0,1
1273,6852,tttt0061809,0,0,0,0,1
1274,64197,tttt0986233,0,0,0,0,1
1275,96966,tttt1650048,0,1,0,1,0
1276,96969,tttt1839654,0,1,0,0,1
1277,6857,tttt0107692,0,1,0,0,1
1278,72395,tttt0929632,0,1,0,1,0
1279,80586,tttt0817177,0,1,0,0,1
1280,6863,tttt0332379,0,1,0,0,1
1281,25788,tttt0023427,0,0,0,0,1
1282,6867,tttt0340377,0,1,0,0,0
1283,6870,tttt0327056,0,0,0,0,1
1284,6879,tttt0313542,0,0,0,0,1
1285,113378,tttt0435651,0,0,0,0,1
1286,6886,tttt0294357,0,1,0,0,1
1287,88810,tttt1454029,0,1,0,0,1
1288,105197,tttt1821549,0,0,0,1,1
1289,6902,tttt0165832,0,0,0,1,1
1290,6936,tttt0319343,0,1,0,0,1
1291,56093,tttt0488478,0,0,0,0,1
1292,6942,tttt0314331,0,1,0,0,1
1293,64285,tttt1118511,0,1,0,1,0
1294,6947,tttt0311113,0,0,0,0,1
1295,6953,tttt0315733,0,1,0,0,1
1296,6979,tttt0086567,0,0,0,0,1
1297,6993,tttt0091167,0,0,1,0,1
1298,56145,tttt0884328,0,0,1,0,1
1299,56152,tttt0461770,0,0,1,1,1
1300,7013,tttt0048424,0,0,1,0,1
1301,7022,tttt0266308,0,1,0,0,1
1302,56174,tttt0480249,0,0,0,0,1
1303,113521,tttt2091325,0,1,0,0,1
1304,7044,tttt0100935,0,0,1,0,1
1305,97172,tttt1142977,0,1,0,0,1
1306,7071,tttt0072417,1,1,1,1,1
1307,7072,tttt0031971,0,1,1,1,0
1308,7076,tttt0062765,0,0,0,0,1
1309,113573,tttt0458481,0,0,0,0,1
1310,31658,tttt0347149,0,1,0,0,1
1311,48043,tttt0414993,0,0,0,0,1
1312,7090,tttt0299977,0,0,0,0,1
1313,7099,tttt0087544,0,0,0,0,1
1314,72641,tttt0878804,1,0,1,1,1
1315,113604,tttt1355630,1,1,1,1,1
1316,31685,tttt0386588,0,0,0,0,1
1317,80839,tttt1028576,0,1,0,0,1
1318,97225,tttt0837562,0,1,0,0,1
1319,89039,tttt1549572,1,1,0,0,1
1320,31696,tttt0360486,0,0,0,0,1
1321,7123,tttt0102511,0,1,0,0,1
1322,105429,tttt2215151,0,0,0,1,1
1323,7132,tttt0026778,0,1,1,0,1
1324,7143,tttt0325710,0,0,0,0,1
1325,7147,tttt0319061,0,1,0,0,1
1326,7153,tttt0167260,0,0,0,0,1
1327,7156,tttt0317910,0,0,1,1,1
1328,7158,tttt0315983,0,0,0,1,1
1329,7160,tttt0340855,0,1,0,0,1
1330,7163,tttt0338337,0,0,0,0,1
1331,7164,tttt0316396,0,1,1,0,1
1332,72720,tttt1315981,0,1,0,0,1
1333,97304,tttt1024648,0,0,0,0,1
1334,72733,tttt1057500,0,0,1,1,1
1335,105504,tttt1535109,0,0,0,0,1
1336,72737,tttt0780521,0,1,0,0,1
1337,48161,tttt0421206,0,1,0,0,0
1338,72741,tttt0780511,0,1,0,1,1
1339,56367,tttt0467406,1,1,0,0,1
1340,7217,tttt0039302,0,1,0,0,1
1341,64575,tttt0918927,0,0,0,1,1
1342,80969,tttt1334260,0,0,1,1,1
1343,113741,tttt2866360,0,0,0,0,1
1344,7254,tttt0289879,0,1,0,0,1
1345,64614,tttt1205489,0,1,0,0,1
1346,64620,tttt0870111,0,0,0,0,1
1347,105593,tttt1450321,0,1,0,0,1
1348,7293,tttt0343660,0,1,1,1,0
1349,7317,tttt0356150,1,1,1,1,1
1350,7318,tttt0335345,0,0,0,0,1
1351,113829,tttt2756032,1,0,0,1,1
1352,7346,tttt0265208,0,1,0,0,1
1353,7347,tttt0363988,0,1,0,0,1
1354,7360,tttt0363547,0,1,0,1,1
1355,7361,tttt0338013,0,0,0,1,1
1356,64716,tttt0814314,0,0,0,1,1
1357,7386,tttt0049833,0,0,0,0,1
1358,7387,tttt0077402,0,0,1,1,1
1359,130284,tttt0124296,0,0,0,0,1
1360,7419,tttt0088680,0,1,0,1,1
1361,48394,tttt0457430,0,0,0,0,1
1362,56587,tttt0825232,0,0,1,1,1
1363,7451,tttt0377092,0,1,0,0,1
1364,32029,tttt0340163,0,0,0,0,1
1365,56607,tttt0419887,0,0,1,0,1
1366,72998,tttt0499549,0,0,0,0,1
1367,73017,tttt0988045,0,0,0,0,1
1368,64839,tttt1125849,0,1,1,0,1
1369,114028,tttt3169706,0,0,0,1,1
1370,105844,tttt2024544,0,1,0,0,1
1371,48516,tttt0407887,0,0,0,0,1
1372,56715,tttt0477139,0,0,0,0,1
1373,7569,tttt0062512,0,0,0,0,1
1374,89492,tttt1210166,0,0,0,0,1
1375,130452,tttt1791682,1,1,1,0,1
1376,114074,tttt1571249,1,1,0,0,1
1377,114082,tttt0064064,0,0,0,0,1
1378,56757,tttt0408236,0,1,1,0,1
1379,64957,tttt0421715,0,1,0,0,0
1380,56775,tttt0465234,0,0,1,0,1
1381,56782,tttt0469494,0,1,0,0,1
1382,73168,tttt0806203,0,0,0,0,1
1383,48593,tttt0483726,0,1,0,0,1
1384,97752,tttt1371111,0,1,0,0,1
1385,40412,tttt0419677,0,0,0,1,1
1386,114180,tttt1790864,0,0,1,0,1
1387,106002,tttt1731141,0,0,1,0,1
1388,48696,tttt0404203,1,1,1,1,0
1389,114246,tttt0365907,0,1,1,0,1
1390,114250,tttt2908856,0,1,0,1,1
1391,97870,tttt1866249,0,1,0,0,1
1392,7766,tttt0050613,0,0,0,0,1
1393,106072,tttt1981115,0,0,0,0,1
1394,48738,tttt0455590,0,0,0,1,1
1395,73321,tttt1037705,0,0,1,1,1
1396,106100,tttt0790636,0,1,0,0,1
1397,56949,tttt0988595,1,1,0,1,1
1398,97913,tttt1772341,0,0,0,0,1
1399,97921,tttt1045658,0,1,1,1,1
1400,97923,tttt1907668,0,1,0,1,1
1401,48774,tttt0206634,0,0,0,0,1
1402,7815,tttt0092117,0,0,0,0,1
1403,7817,tttt0070948,0,0,0,0,1
1404,48780,tttt0482571,0,1,0,0,1
1405,97938,tttt0454876,0,1,0,0,1
1406,89753,tttt1340800,0,0,0,0,1
1407,81562,tttt1542344,0,1,1,0,1
1408,81564,tttt1001526,0,0,0,0,1
1409,89774,tttt1291584,0,1,1,0,1
1410,40629,tttt0414387,0,1,1,1,1
1411,81591,tttt0947798,0,1,0,1,1
1412,65216,tttt1034303,0,0,0,0,1
1413,89804,tttt1124035,0,0,0,1,1
1414,122577,tttt0023943,0,0,0,0,1
1415,98017,tttt1226240,0,1,1,1,1
1416,81641,tttt0977855,0,0,1,0,1
1417,89837,tttt1788391,0,1,0,0,1
1418,32497,tttt0113703,0,1,0,0,1
1419,7925,tttt0051808,0,1,0,0,1
1420,7926,tttt0057565,0,1,0,0,1
1421,89864,tttt1306980,1,1,0,1,1
1422,65293,tttt0028219,0,0,0,1,1
1423,32554,tttt0113799,0,0,0,0,1
1424,7980,tttt0075784,0,0,0,0,1
1425,7981,tttt0338564,0,0,1,1,1
1426,32587,tttt0401792,0,1,0,0,1
1427,48982,tttt0424095,0,0,0,0,1
1428,8033,tttt0060522,0,1,1,1,1
1429,48997,tttt0396171,0,0,0,0,1
1430,98154,tttt0443272,1,0,0,1,1
1431,40815,tttt0330373,0,0,1,1,1
1432,40819,tttt0358273,0,1,0,0,1
1433,81782,tttt0477080,0,0,1,0,1
1434,40826,tttt0294870,0,1,0,1,1
1435,8094,tttt0047849,0,0,0,0,1
1436,114601,tttt1371150,1,1,1,1,1
1437,81834,tttt0926084,0,1,0,0,1
1438,81845,tttt1504320,0,0,1,1,1
1439,81847,tttt0398286,0,1,0,0,1
1440,8125,tttt0018455,0,1,1,0,1
1441,98243,tttt1446192,0,1,0,0,1
1442,8132,tttt0104346,0,1,0,0,1
1443,106438,tttt2431286,0,1,0,0,1
1444,90057,tttt1675192,0,0,0,1,1
1445,106452,tttt2718492,1,1,0,0,0
1446,65514,tttt1220719,0,0,0,0,1
1447,8188,tttt0047445,0,1,0,0,1
